event_id,activity,timestamp,rental,inventory,customer,staff,inspection,invoice,store
0,create_rental,2020-01-01 07:00:00.000000,0,129,36,EMPTY,EMPTY,EMPTY,1
7,create_rental,2020-01-01 07:00:00.000000,7,48,77,EMPTY,EMPTY,EMPTY,7
6,create_rental,2020-01-01 07:00:00.000000,6,4,18,EMPTY,EMPTY,EMPTY,4
6,create_rental,2020-01-01 07:00:00.000000,6,28,18,EMPTY,EMPTY,EMPTY,4
5,create_rental,2020-01-01 07:00:00.000000,5,102,45,EMPTY,EMPTY,EMPTY,3
5,create_rental,2020-01-01 07:00:00.000000,5,108,45,EMPTY,EMPTY,EMPTY,3
4,create_rental,2020-01-01 07:00:00.000000,4,150,58,EMPTY,EMPTY,EMPTY,2
7,create_rental,2020-01-01 07:00:00.000000,7,145,77,EMPTY,EMPTY,EMPTY,7
4,create_rental,2020-01-01 07:00:00.000000,4,8,58,EMPTY,EMPTY,EMPTY,2
3,create_rental,2020-01-01 07:00:00.000000,3,166,8,EMPTY,EMPTY,EMPTY,1
2,create_rental,2020-01-01 07:00:00.000000,2,149,21,EMPTY,EMPTY,EMPTY,7
2,create_rental,2020-01-01 07:00:00.000000,2,64,21,EMPTY,EMPTY,EMPTY,7
1,create_rental,2020-01-01 07:00:00.000000,1,196,19,EMPTY,EMPTY,EMPTY,5
1,create_rental,2020-01-01 07:00:00.000000,1,161,19,EMPTY,EMPTY,EMPTY,5
0,create_rental,2020-01-01 07:00:00.000000,0,30,36,EMPTY,EMPTY,EMPTY,1
3,create_rental,2020-01-01 07:00:00.000000,3,7,8,EMPTY,EMPTY,EMPTY,1
8,create_invoice,2020-01-01 07:15:10.465116,7,EMPTY,EMPTY,11,EMPTY,1,7
8,create_invoice,2020-01-01 07:15:10.465116,2,EMPTY,EMPTY,11,EMPTY,0,7
9,create_invoice,2020-01-01 07:15:52.325580,4,EMPTY,EMPTY,16,EMPTY,2,2
24,create_rental,2020-01-01 07:16:13.255812,21,123,63,EMPTY,EMPTY,EMPTY,7
24,create_rental,2020-01-01 07:16:13.255812,21,98,63,EMPTY,EMPTY,EMPTY,7
23,create_rental,2020-01-01 07:16:13.255812,20,70,9,EMPTY,EMPTY,EMPTY,2
23,create_rental,2020-01-01 07:16:13.255812,20,112,9,EMPTY,EMPTY,EMPTY,2
22,create_rental,2020-01-01 07:16:13.255812,19,198,12,EMPTY,EMPTY,EMPTY,5
22,create_rental,2020-01-01 07:16:13.255812,19,12,12,EMPTY,EMPTY,EMPTY,5
21,create_rental,2020-01-01 07:16:13.255812,18,175,55,EMPTY,EMPTY,EMPTY,6
21,create_rental,2020-01-01 07:16:13.255812,18,44,55,EMPTY,EMPTY,EMPTY,6
20,create_rental,2020-01-01 07:16:13.255812,17,117,42,EMPTY,EMPTY,EMPTY,7
20,create_rental,2020-01-01 07:16:13.255812,17,179,42,EMPTY,EMPTY,EMPTY,7
19,pay_invoice,2020-01-01 07:16:13.255812,4,EMPTY,58,EMPTY,EMPTY,2,2
18,create_rental,2020-01-01 07:16:13.255812,16,39,79,EMPTY,EMPTY,EMPTY,2
18,create_rental,2020-01-01 07:16:13.255812,16,19,79,EMPTY,EMPTY,EMPTY,2
17,create_rental,2020-01-01 07:16:13.255812,15,181,71,EMPTY,EMPTY,EMPTY,1
17,create_rental,2020-01-01 07:16:13.255812,15,60,71,EMPTY,EMPTY,EMPTY,1
16,create_rental,2020-01-01 07:16:13.255812,14,54,15,EMPTY,EMPTY,EMPTY,1
16,create_rental,2020-01-01 07:16:13.255812,14,20,15,EMPTY,EMPTY,EMPTY,1
15,create_rental,2020-01-01 07:16:13.255812,13,53,10,EMPTY,EMPTY,EMPTY,3
15,create_rental,2020-01-01 07:16:13.255812,13,122,10,EMPTY,EMPTY,EMPTY,3
14,create_rental,2020-01-01 07:16:13.255812,12,193,77,EMPTY,EMPTY,EMPTY,7
14,create_rental,2020-01-01 07:16:13.255812,12,177,77,EMPTY,EMPTY,EMPTY,7
13,create_rental,2020-01-01 07:16:13.255812,11,114,6,EMPTY,EMPTY,EMPTY,6
13,create_rental,2020-01-01 07:16:13.255812,11,57,6,EMPTY,EMPTY,EMPTY,6
12,create_rental,2020-01-01 07:16:13.255812,10,59,67,EMPTY,EMPTY,EMPTY,4
12,create_rental,2020-01-01 07:16:13.255812,10,200,67,EMPTY,EMPTY,EMPTY,4
11,create_rental,2020-01-01 07:16:13.255812,9,93,74,EMPTY,EMPTY,EMPTY,4
11,create_rental,2020-01-01 07:16:13.255812,9,35,74,EMPTY,EMPTY,EMPTY,4
10,create_rental,2020-01-01 07:16:13.255812,8,135,35,EMPTY,EMPTY,EMPTY,7
10,create_rental,2020-01-01 07:16:13.255812,8,109,35,EMPTY,EMPTY,EMPTY,7
25,create_invoice,2020-01-01 07:31:13.255812,21,EMPTY,EMPTY,17,EMPTY,6,7
25,create_invoice,2020-01-01 07:31:13.255812,17,EMPTY,EMPTY,17,EMPTY,5,7
25,create_invoice,2020-01-01 07:31:13.255812,8,EMPTY,EMPTY,17,EMPTY,3,7
25,create_invoice,2020-01-01 07:31:13.255812,12,EMPTY,EMPTY,17,EMPTY,4,7
26,create_invoice,2020-01-01 07:31:34.186044,16,EMPTY,EMPTY,16,EMPTY,7,2
26,create_invoice,2020-01-01 07:31:34.186044,20,EMPTY,EMPTY,16,EMPTY,8,2
27,create_invoice,2020-01-01 07:32:16.046508,6,EMPTY,EMPTY,4,EMPTY,9,4
27,create_invoice,2020-01-01 07:32:16.046508,9,EMPTY,EMPTY,4,EMPTY,10,4
27,create_invoice,2020-01-01 07:32:16.046508,10,EMPTY,EMPTY,4,EMPTY,11,4
36,create_rental,2020-01-01 07:32:26.511624,27,157,66,EMPTY,EMPTY,EMPTY,3
36,create_rental,2020-01-01 07:32:26.511624,27,46,66,EMPTY,EMPTY,EMPTY,3
37,create_rental,2020-01-01 07:32:26.511624,28,11,60,EMPTY,EMPTY,EMPTY,4
37,create_rental,2020-01-01 07:32:26.511624,28,197,60,EMPTY,EMPTY,EMPTY,4
39,create_rental,2020-01-01 07:32:26.511624,30,148,17,EMPTY,EMPTY,EMPTY,3
38,create_rental,2020-01-01 07:32:26.511624,29,190,30,EMPTY,EMPTY,EMPTY,2
39,create_rental,2020-01-01 07:32:26.511624,30,42,17,EMPTY,EMPTY,EMPTY,3
40,pay_invoice,2020-01-01 07:32:26.511624,9,EMPTY,74,EMPTY,EMPTY,10,4
38,create_rental,2020-01-01 07:32:26.511624,29,158,30,EMPTY,EMPTY,EMPTY,2
35,pay_invoice,2020-01-01 07:32:26.511624,21,EMPTY,63,EMPTY,EMPTY,6,7
33,create_rental,2020-01-01 07:32:26.511624,25,65,35,EMPTY,EMPTY,EMPTY,7
34,create_rental,2020-01-01 07:32:26.511624,26,194,78,EMPTY,EMPTY,EMPTY,1
33,create_rental,2020-01-01 07:32:26.511624,25,173,35,EMPTY,EMPTY,EMPTY,7
34,create_rental,2020-01-01 07:32:26.511624,26,110,78,EMPTY,EMPTY,EMPTY,1
32,create_rental,2020-01-01 07:32:26.511624,24,66,75,EMPTY,EMPTY,EMPTY,5
32,create_rental,2020-01-01 07:32:26.511624,24,72,75,EMPTY,EMPTY,EMPTY,5
31,create_rental,2020-01-01 07:32:26.511624,23,119,28,EMPTY,EMPTY,EMPTY,7
31,create_rental,2020-01-01 07:32:26.511624,23,172,28,EMPTY,EMPTY,EMPTY,7
30,create_rental,2020-01-01 07:32:26.511624,22,79,79,EMPTY,EMPTY,EMPTY,2
29,pay_invoice,2020-01-01 07:32:26.511624,2,EMPTY,21,EMPTY,EMPTY,0,7
28,pay_invoice,2020-01-01 07:32:26.511624,20,EMPTY,9,EMPTY,EMPTY,8,2
41,create_invoice,2020-01-01 07:47:36.976740,25,EMPTY,EMPTY,14,EMPTY,13,7
41,create_invoice,2020-01-01 07:47:36.976740,23,EMPTY,EMPTY,14,EMPTY,12,7
42,create_invoice,2020-01-01 07:48:08.372088,28,EMPTY,EMPTY,4,EMPTY,14,4
43,create_invoice,2020-01-01 07:48:29.302320,22,EMPTY,EMPTY,16,EMPTY,15,2
43,create_invoice,2020-01-01 07:48:29.302320,29,EMPTY,EMPTY,16,EMPTY,16,2
49,create_rental,2020-01-01 07:48:39.767436,36,132,48,EMPTY,EMPTY,EMPTY,6
52,create_rental,2020-01-01 07:48:39.767436,39,162,79,EMPTY,EMPTY,EMPTY,2
52,create_rental,2020-01-01 07:48:39.767436,39,192,79,EMPTY,EMPTY,EMPTY,2
53,pay_invoice,2020-01-01 07:48:39.767436,6,EMPTY,18,EMPTY,EMPTY,9,4
51,create_rental,2020-01-01 07:48:39.767436,38,74,70,EMPTY,EMPTY,EMPTY,7
50,create_rental,2020-01-01 07:48:39.767436,37,50,67,EMPTY,EMPTY,EMPTY,4
50,create_rental,2020-01-01 07:48:39.767436,37,113,67,EMPTY,EMPTY,EMPTY,4
49,create_rental,2020-01-01 07:48:39.767436,36,94,48,EMPTY,EMPTY,EMPTY,6
48,create_rental,2020-01-01 07:48:39.767436,35,71,2,EMPTY,EMPTY,EMPTY,2
51,create_rental,2020-01-01 07:48:39.767436,38,91,70,EMPTY,EMPTY,EMPTY,7
47,create_rental,2020-01-01 07:48:39.767436,34,170,71,EMPTY,EMPTY,EMPTY,1
44,create_rental,2020-01-01 07:48:39.767436,31,51,32,EMPTY,EMPTY,EMPTY,4
44,create_rental,2020-01-01 07:48:39.767436,31,143,32,EMPTY,EMPTY,EMPTY,4
45,create_rental,2020-01-01 07:48:39.767436,32,106,13,EMPTY,EMPTY,EMPTY,6
48,create_rental,2020-01-01 07:48:39.767436,35,164,2,EMPTY,EMPTY,EMPTY,2
46,create_rental,2020-01-01 07:48:39.767436,33,76,61,EMPTY,EMPTY,EMPTY,5
46,create_rental,2020-01-01 07:48:39.767436,33,77,61,EMPTY,EMPTY,EMPTY,5
47,create_rental,2020-01-01 07:48:39.767436,34,160,71,EMPTY,EMPTY,EMPTY,1
45,create_rental,2020-01-01 07:48:39.767436,32,139,13,EMPTY,EMPTY,EMPTY,6
54,create_invoice,2020-01-01 08:04:11.162784,11,EMPTY,EMPTY,7,EMPTY,17,6
54,create_invoice,2020-01-01 08:04:11.162784,18,EMPTY,EMPTY,7,EMPTY,18,6
54,create_invoice,2020-01-01 08:04:11.162784,32,EMPTY,EMPTY,7,EMPTY,19,6
54,create_invoice,2020-01-01 08:04:11.162784,36,EMPTY,EMPTY,7,EMPTY,20,6
55,create_invoice,2020-01-01 08:04:21.627900,31,EMPTY,EMPTY,18,EMPTY,21,4
55,create_invoice,2020-01-01 08:04:21.627900,37,EMPTY,EMPTY,18,EMPTY,22,4
56,pay_invoice,2020-01-01 08:04:53.023248,31,EMPTY,32,EMPTY,EMPTY,21,4
57,create_invoice,2020-01-01 08:19:53.023248,24,EMPTY,EMPTY,20,EMPTY,25,5
57,create_invoice,2020-01-01 08:19:53.023248,33,EMPTY,EMPTY,20,EMPTY,26,5
57,create_invoice,2020-01-01 08:19:53.023248,19,EMPTY,EMPTY,20,EMPTY,24,5
57,create_invoice,2020-01-01 08:19:53.023248,1,EMPTY,EMPTY,20,EMPTY,23,5
58,confirm_invoice,2020-01-01 08:20:34.883712,2,EMPTY,EMPTY,17,EMPTY,0,7
58,confirm_invoice,2020-01-01 08:20:34.883712,21,EMPTY,EMPTY,17,EMPTY,6,7
59,create_invoice,2020-01-01 08:20:45.348828,5,EMPTY,EMPTY,3,EMPTY,27,3
59,create_invoice,2020-01-01 08:20:45.348828,13,EMPTY,EMPTY,3,EMPTY,28,3
59,create_invoice,2020-01-01 08:20:45.348828,27,EMPTY,EMPTY,3,EMPTY,29,3
59,create_invoice,2020-01-01 08:20:45.348828,30,EMPTY,EMPTY,3,EMPTY,30,3
61,pay_invoice,2020-01-01 08:21:06.279060,8,EMPTY,35,EMPTY,EMPTY,3,7
60,pay_invoice,2020-01-01 08:21:06.279060,32,EMPTY,13,EMPTY,EMPTY,19,6
61,pay_invoice,2020-01-01 08:21:06.279060,25,EMPTY,35,EMPTY,EMPTY,13,7
62,pay_invoice,2020-01-01 08:21:06.279060,36,EMPTY,48,EMPTY,EMPTY,20,6
63,pay_invoice,2020-01-01 08:21:06.279060,11,EMPTY,6,EMPTY,EMPTY,17,6
64,pay_invoice,2020-01-01 08:21:06.279060,13,EMPTY,10,EMPTY,EMPTY,28,3
65,create_invoice,2020-01-01 08:36:48.139524,35,EMPTY,EMPTY,16,EMPTY,31,2
65,create_invoice,2020-01-01 08:36:48.139524,39,EMPTY,EMPTY,16,EMPTY,32,2
66,create_invoice,2020-01-01 08:36:58.604640,26,EMPTY,EMPTY,5,EMPTY,37,1
66,create_invoice,2020-01-01 08:36:58.604640,15,EMPTY,EMPTY,5,EMPTY,36,1
66,create_invoice,2020-01-01 08:36:58.604640,34,EMPTY,EMPTY,5,EMPTY,38,1
66,create_invoice,2020-01-01 08:36:58.604640,3,EMPTY,EMPTY,5,EMPTY,34,1
66,create_invoice,2020-01-01 08:36:58.604640,14,EMPTY,EMPTY,5,EMPTY,35,1
66,create_invoice,2020-01-01 08:36:58.604640,0,EMPTY,EMPTY,5,EMPTY,33,1
67,confirm_rental,2020-01-01 08:37:09.069756,2,EMPTY,EMPTY,11,EMPTY,EMPTY,7
67,confirm_rental,2020-01-01 08:37:09.069756,21,EMPTY,EMPTY,11,EMPTY,EMPTY,7
78,pay_invoice,2020-01-01 08:37:19.534872,30,EMPTY,17,EMPTY,EMPTY,30,3
68,pay_invoice,2020-01-01 08:37:19.534872,0,EMPTY,36,EMPTY,EMPTY,33,1
69,pay_invoice,2020-01-01 08:37:19.534872,17,EMPTY,42,EMPTY,EMPTY,5,7
70,pay_invoice,2020-01-01 08:37:19.534872,16,EMPTY,79,EMPTY,EMPTY,7,2
70,pay_invoice,2020-01-01 08:37:19.534872,22,EMPTY,79,EMPTY,EMPTY,15,2
70,pay_invoice,2020-01-01 08:37:19.534872,39,EMPTY,79,EMPTY,EMPTY,32,2
71,pay_invoice,2020-01-01 08:37:19.534872,19,EMPTY,12,EMPTY,EMPTY,24,5
72,lend_inventory,2020-01-01 08:37:19.534872,21,98,63,11,EMPTY,EMPTY,7
73,lend_inventory,2020-01-01 08:37:19.534872,21,123,63,11,EMPTY,EMPTY,7
74,pay_invoice,2020-01-01 08:37:19.534872,35,EMPTY,2,EMPTY,EMPTY,31,2
75,lend_inventory,2020-01-01 08:37:19.534872,2,64,21,14,EMPTY,EMPTY,7
76,lend_inventory,2020-01-01 08:37:19.534872,2,149,21,14,EMPTY,EMPTY,7
77,pay_invoice,2020-01-01 08:37:19.534872,1,EMPTY,19,EMPTY,EMPTY,23,5
79,confirm_invoice,2020-01-01 08:52:19.534872,19,EMPTY,EMPTY,20,EMPTY,24,5
79,confirm_invoice,2020-01-01 08:52:19.534872,1,EMPTY,EMPTY,20,EMPTY,23,5
80,confirm_invoice,2020-01-01 08:53:11.860452,4,EMPTY,EMPTY,16,EMPTY,2,2
80,confirm_invoice,2020-01-01 08:53:11.860452,16,EMPTY,EMPTY,16,EMPTY,7,2
80,confirm_invoice,2020-01-01 08:53:11.860452,20,EMPTY,EMPTY,16,EMPTY,8,2
80,confirm_invoice,2020-01-01 08:53:11.860452,22,EMPTY,EMPTY,16,EMPTY,15,2
80,confirm_invoice,2020-01-01 08:53:11.860452,35,EMPTY,EMPTY,16,EMPTY,31,2
80,confirm_invoice,2020-01-01 08:53:11.860452,39,EMPTY,EMPTY,16,EMPTY,32,2
81,pay_invoice,2020-01-01 08:53:32.790684,26,EMPTY,78,EMPTY,EMPTY,37,1
82,pay_invoice,2020-01-01 08:53:32.790684,23,EMPTY,28,EMPTY,EMPTY,12,7
83,confirm_rental,2020-01-01 09:08:32.790684,1,EMPTY,EMPTY,20,EMPTY,EMPTY,5
83,confirm_rental,2020-01-01 09:08:32.790684,19,EMPTY,EMPTY,20,EMPTY,EMPTY,5
84,confirm_invoice,2020-01-01 09:09:35.581380,30,EMPTY,EMPTY,15,EMPTY,30,3
84,confirm_invoice,2020-01-01 09:09:35.581380,13,EMPTY,EMPTY,15,EMPTY,28,3
91,pay_invoice,2020-01-01 09:09:46.046496,28,EMPTY,60,EMPTY,EMPTY,14,4
86,lend_inventory,2020-01-01 09:09:46.046496,19,12,12,20,EMPTY,EMPTY,5
90,lend_inventory,2020-01-01 09:09:46.046496,1,196,19,20,EMPTY,EMPTY,5
92,pay_invoice,2020-01-01 09:09:46.046496,18,EMPTY,55,EMPTY,EMPTY,18,6
89,lend_inventory,2020-01-01 09:09:46.046496,1,161,19,20,EMPTY,EMPTY,5
85,pay_invoice,2020-01-01 09:09:46.046496,37,EMPTY,67,EMPTY,EMPTY,22,4
87,lend_inventory,2020-01-01 09:09:46.046496,19,198,12,20,EMPTY,EMPTY,5
88,pay_invoice,2020-01-01 09:09:46.046496,3,EMPTY,8,EMPTY,EMPTY,34,1
85,pay_invoice,2020-01-01 09:09:46.046496,10,EMPTY,67,EMPTY,EMPTY,11,4
93,create_invoice,2020-01-01 09:25:17.441844,38,EMPTY,EMPTY,11,EMPTY,39,7
94,return_inventory,2020-01-01 09:25:59.302308,2,64,21,14,EMPTY,EMPTY,7
95,return_inventory,2020-01-01 09:25:59.302308,2,149,21,14,EMPTY,EMPTY,7
96,return_inventory,2020-01-01 09:25:59.302308,1,196,19,20,EMPTY,EMPTY,5
97,pay_invoice,2020-01-01 09:25:59.302308,29,EMPTY,30,EMPTY,EMPTY,16,2
98,confirm_invoice,2020-01-01 09:41:09.767424,6,EMPTY,EMPTY,13,EMPTY,9,4
98,confirm_invoice,2020-01-01 09:41:09.767424,9,EMPTY,EMPTY,13,EMPTY,10,4
98,confirm_invoice,2020-01-01 09:41:09.767424,10,EMPTY,EMPTY,13,EMPTY,11,4
98,confirm_invoice,2020-01-01 09:41:09.767424,28,EMPTY,EMPTY,13,EMPTY,14,4
98,confirm_invoice,2020-01-01 09:41:09.767424,31,EMPTY,EMPTY,13,EMPTY,21,4
98,confirm_invoice,2020-01-01 09:41:09.767424,37,EMPTY,EMPTY,13,EMPTY,22,4
99,confirm_invoice,2020-01-01 09:42:02.093004,29,EMPTY,EMPTY,16,EMPTY,16,2
100,pay_invoice,2020-01-01 09:42:12.558120,38,EMPTY,70,EMPTY,EMPTY,39,7
101,pay_invoice,2020-01-01 09:42:12.558120,7,EMPTY,77,EMPTY,EMPTY,1,7
101,pay_invoice,2020-01-01 09:42:12.558120,12,EMPTY,77,EMPTY,EMPTY,4,7
102,inspect_inventories,2020-01-01 09:57:12.558120,1,196,EMPTY,20,2,EMPTY,5
103,confirm_invoice,2020-01-01 09:57:33.488352,7,EMPTY,EMPTY,14,EMPTY,1,7
103,confirm_invoice,2020-01-01 09:57:33.488352,8,EMPTY,EMPTY,14,EMPTY,3,7
103,confirm_invoice,2020-01-01 09:57:33.488352,12,EMPTY,EMPTY,14,EMPTY,4,7
103,confirm_invoice,2020-01-01 09:57:33.488352,17,EMPTY,EMPTY,14,EMPTY,5,7
103,confirm_invoice,2020-01-01 09:57:33.488352,23,EMPTY,EMPTY,14,EMPTY,12,7
103,confirm_invoice,2020-01-01 09:57:33.488352,25,EMPTY,EMPTY,14,EMPTY,13,7
103,confirm_invoice,2020-01-01 09:57:33.488352,38,EMPTY,EMPTY,14,EMPTY,39,7
104,confirm_rental,2020-01-01 09:57:54.418584,35,EMPTY,EMPTY,16,EMPTY,EMPTY,2
104,confirm_rental,2020-01-01 09:57:54.418584,29,EMPTY,EMPTY,16,EMPTY,EMPTY,2
104,confirm_rental,2020-01-01 09:57:54.418584,39,EMPTY,EMPTY,16,EMPTY,EMPTY,2
104,confirm_rental,2020-01-01 09:57:54.418584,22,EMPTY,EMPTY,16,EMPTY,EMPTY,2
104,confirm_rental,2020-01-01 09:57:54.418584,16,EMPTY,EMPTY,16,EMPTY,EMPTY,2
104,confirm_rental,2020-01-01 09:57:54.418584,4,EMPTY,EMPTY,16,EMPTY,EMPTY,2
104,confirm_rental,2020-01-01 09:57:54.418584,20,EMPTY,EMPTY,16,EMPTY,EMPTY,2
105,cancel_inventory,2020-01-01 09:58:25.813932,4,8,58,EMPTY,EMPTY,EMPTY,2
106,pay_invoice,2020-01-01 09:58:25.813932,27,EMPTY,66,EMPTY,EMPTY,29,3
107,return_inventory,2020-01-01 09:58:25.813932,19,12,12,20,EMPTY,EMPTY,5
108,pay_invoice,2020-01-01 09:58:25.813932,14,EMPTY,15,EMPTY,EMPTY,35,1
109,pay_invoice,2020-01-01 09:58:25.813932,5,EMPTY,45,EMPTY,EMPTY,27,3
110,confirm_invoice,2020-01-01 10:13:46.744164,0,EMPTY,EMPTY,5,EMPTY,33,1
110,confirm_invoice,2020-01-01 10:13:46.744164,3,EMPTY,EMPTY,5,EMPTY,34,1
110,confirm_invoice,2020-01-01 10:13:46.744164,14,EMPTY,EMPTY,5,EMPTY,35,1
110,confirm_invoice,2020-01-01 10:13:46.744164,26,EMPTY,EMPTY,5,EMPTY,37,1
111,inspect_inventories,2020-01-01 10:13:57.209280,19,12,EMPTY,20,3,EMPTY,5
112,create_invoice,2020-01-01 10:13:58.209280,19,EMPTY,EMPTY,20,EMPTY,40,5
113,confirm_rental,2020-01-01 10:14:07.674396,7,EMPTY,EMPTY,11,EMPTY,EMPTY,7
113,confirm_rental,2020-01-01 10:14:07.674396,8,EMPTY,EMPTY,11,EMPTY,EMPTY,7
113,confirm_rental,2020-01-01 10:14:07.674396,12,EMPTY,EMPTY,11,EMPTY,EMPTY,7
113,confirm_rental,2020-01-01 10:14:07.674396,17,EMPTY,EMPTY,11,EMPTY,EMPTY,7
113,confirm_rental,2020-01-01 10:14:07.674396,23,EMPTY,EMPTY,11,EMPTY,EMPTY,7
113,confirm_rental,2020-01-01 10:14:07.674396,25,EMPTY,EMPTY,11,EMPTY,EMPTY,7
113,confirm_rental,2020-01-01 10:14:07.674396,38,EMPTY,EMPTY,11,EMPTY,EMPTY,7
128,cancel_inventory,2020-01-01 10:14:39.069744,39,162,79,EMPTY,EMPTY,EMPTY,2
127,cancel_inventory,2020-01-01 10:14:39.069744,35,71,2,EMPTY,EMPTY,EMPTY,2
129,cancel_inventory,2020-01-01 10:14:39.069744,17,179,42,EMPTY,EMPTY,EMPTY,7
125,lend_inventory,2020-01-01 10:14:39.069744,38,91,70,17,EMPTY,EMPTY,7
124,lend_inventory,2020-01-01 10:14:39.069744,38,74,70,17,EMPTY,EMPTY,7
123,lend_inventory,2020-01-01 10:14:39.069744,23,119,28,14,EMPTY,EMPTY,7
122,lend_inventory,2020-01-01 10:14:39.069744,23,172,28,14,EMPTY,EMPTY,7
126,return_inventory,2020-01-01 10:14:39.069744,19,198,12,20,EMPTY,EMPTY,5
120,lend_inventory,2020-01-01 10:14:39.069744,25,65,35,17,EMPTY,EMPTY,7
119,lend_inventory,2020-01-01 10:14:39.069744,8,135,35,17,EMPTY,EMPTY,7
118,lend_inventory,2020-01-01 10:14:39.069744,8,109,35,17,EMPTY,EMPTY,7
117,lend_inventory,2020-01-01 10:14:39.069744,29,190,30,16,EMPTY,EMPTY,2
116,lend_inventory,2020-01-01 10:14:39.069744,29,158,30,16,EMPTY,EMPTY,2
115,return_inventory,2020-01-01 10:14:39.069744,1,161,19,20,EMPTY,EMPTY,5
114,lend_inventory,2020-01-01 10:14:39.069744,4,150,58,16,EMPTY,EMPTY,2
121,lend_inventory,2020-01-01 10:14:39.069744,25,173,35,17,EMPTY,EMPTY,7
131,inspect_inventories,2020-01-01 10:30:10.465092,2,149,EMPTY,17,1,EMPTY,7
130,inspect_inventories,2020-01-01 10:30:10.465092,2,64,EMPTY,17,0,EMPTY,7
132,create_invoice,2020-01-01 10:30:11.465092,2,EMPTY,EMPTY,17,EMPTY,41,7
133,inspect_inventories,2020-01-01 10:30:41.860440,1,161,EMPTY,20,4,EMPTY,5
134,inspect_inventories,2020-01-01 10:30:41.860440,19,198,EMPTY,20,5,EMPTY,5
135,create_invoice,2020-01-01 10:30:42.860440,1,EMPTY,EMPTY,20,EMPTY,42,5
136,cancel_inventory,2020-01-01 10:30:52.325556,20,70,9,EMPTY,EMPTY,EMPTY,2
137,lend_inventory,2020-01-01 10:30:52.325556,17,117,42,17,EMPTY,EMPTY,7
138,pay_invoice,2020-01-01 10:30:52.325556,2,EMPTY,21,EMPTY,EMPTY,41,7
139,lend_inventory,2020-01-01 10:30:52.325556,35,164,2,16,EMPTY,EMPTY,2
140,confirm_rental,2020-01-01 10:46:02.790672,26,EMPTY,EMPTY,2,EMPTY,EMPTY,1
140,confirm_rental,2020-01-01 10:46:02.790672,14,EMPTY,EMPTY,2,EMPTY,EMPTY,1
140,confirm_rental,2020-01-01 10:46:02.790672,0,EMPTY,EMPTY,2,EMPTY,EMPTY,1
140,confirm_rental,2020-01-01 10:46:02.790672,3,EMPTY,EMPTY,2,EMPTY,EMPTY,1
141,confirm_rental,2020-01-01 10:46:44.651136,6,EMPTY,EMPTY,4,EMPTY,EMPTY,4
141,confirm_rental,2020-01-01 10:46:44.651136,9,EMPTY,EMPTY,4,EMPTY,EMPTY,4
141,confirm_rental,2020-01-01 10:46:44.651136,10,EMPTY,EMPTY,4,EMPTY,EMPTY,4
141,confirm_rental,2020-01-01 10:46:44.651136,28,EMPTY,EMPTY,4,EMPTY,EMPTY,4
141,confirm_rental,2020-01-01 10:46:44.651136,31,EMPTY,EMPTY,4,EMPTY,EMPTY,4
141,confirm_rental,2020-01-01 10:46:44.651136,37,EMPTY,EMPTY,4,EMPTY,EMPTY,4
153,lend_inventory,2020-01-01 10:47:05.581368,20,112,9,16,EMPTY,EMPTY,2
154,return_inventory,2020-01-01 10:47:05.581368,35,164,2,16,EMPTY,EMPTY,2
155,lend_inventory,2020-01-01 10:47:05.581368,7,48,77,17,EMPTY,EMPTY,7
156,lend_inventory,2020-01-01 10:47:05.581368,7,145,77,17,EMPTY,EMPTY,7
160,lend_inventory,2020-01-01 10:47:05.581368,0,30,36,6,EMPTY,EMPTY,1
158,lend_inventory,2020-01-01 10:47:05.581368,12,193,77,17,EMPTY,EMPTY,7
159,lend_inventory,2020-01-01 10:47:05.581368,0,129,36,6,EMPTY,EMPTY,1
161,cancel_inventory,2020-01-01 10:47:05.581368,26,110,78,EMPTY,EMPTY,EMPTY,1
157,lend_inventory,2020-01-01 10:47:05.581368,12,177,77,17,EMPTY,EMPTY,7
152,lend_inventory,2020-01-01 10:47:05.581368,3,7,8,5,EMPTY,EMPTY,1
146,lend_inventory,2020-01-01 10:47:05.581368,10,59,67,4,EMPTY,EMPTY,4
150,return_inventory,2020-01-01 10:47:05.581368,21,123,63,11,EMPTY,EMPTY,7
142,lend_inventory,2020-01-01 10:47:05.581368,9,35,74,4,EMPTY,EMPTY,4
143,lend_inventory,2020-01-01 10:47:05.581368,9,93,74,4,EMPTY,EMPTY,4
144,pay_invoice,2020-01-01 10:47:05.581368,1,EMPTY,19,EMPTY,EMPTY,42,5
145,lend_inventory,2020-01-01 10:47:05.581368,10,200,67,4,EMPTY,EMPTY,4
151,lend_inventory,2020-01-01 10:47:05.581368,3,166,8,5,EMPTY,EMPTY,1
147,lend_inventory,2020-01-01 10:47:05.581368,37,113,67,4,EMPTY,EMPTY,4
148,lend_inventory,2020-01-01 10:47:05.581368,37,50,67,4,EMPTY,EMPTY,4
149,return_inventory,2020-01-01 10:47:05.581368,17,117,42,11,EMPTY,EMPTY,7
162,inspect_inventories,2020-01-01 11:02:16.046484,17,117,EMPTY,14,6,EMPTY,7
163,inspect_inventories,2020-01-01 11:02:16.046484,21,123,EMPTY,14,7,EMPTY,7
181,return_inventory,2020-01-01 11:03:18.837180,9,93,74,13,EMPTY,EMPTY,4
180,cancel_inventory,2020-01-01 11:03:18.837180,6,28,18,EMPTY,EMPTY,EMPTY,4
179,return_inventory,2020-01-01 11:03:18.837180,7,145,77,11,EMPTY,EMPTY,7
178,return_inventory,2020-01-01 11:03:18.837180,7,48,77,11,EMPTY,EMPTY,7
177,pay_invoice,2020-01-01 11:03:18.837180,34,EMPTY,71,EMPTY,EMPTY,38,1
177,pay_invoice,2020-01-01 11:03:18.837180,15,EMPTY,71,EMPTY,EMPTY,36,1
176,return_inventory,2020-01-01 11:03:18.837180,25,173,35,11,EMPTY,EMPTY,7
175,lend_inventory,2020-01-01 11:03:18.837180,26,194,78,6,EMPTY,EMPTY,1
174,return_inventory,2020-01-01 11:03:18.837180,38,91,70,14,EMPTY,EMPTY,7
171,pay_invoice,2020-01-01 11:03:18.837180,33,EMPTY,61,EMPTY,EMPTY,26,5
172,lend_inventory,2020-01-01 11:03:18.837180,28,11,60,13,EMPTY,EMPTY,4
182,return_inventory,2020-01-01 11:03:18.837180,23,172,28,17,EMPTY,EMPTY,7
170,lend_inventory,2020-01-01 11:03:18.837180,31,143,32,13,EMPTY,EMPTY,4
169,lend_inventory,2020-01-01 11:03:18.837180,31,51,32,13,EMPTY,EMPTY,4
168,pay_invoice,2020-01-01 11:03:18.837180,19,EMPTY,12,EMPTY,EMPTY,40,5
167,lend_inventory,2020-01-01 11:03:18.837180,39,192,79,16,EMPTY,EMPTY,2
166,lend_inventory,2020-01-01 11:03:18.837180,22,79,79,16,EMPTY,EMPTY,2
165,lend_inventory,2020-01-01 11:03:18.837180,16,39,79,16,EMPTY,EMPTY,2
164,lend_inventory,2020-01-01 11:03:18.837180,16,19,79,16,EMPTY,EMPTY,2
173,lend_inventory,2020-01-01 11:03:18.837180,28,197,60,13,EMPTY,EMPTY,4
183,return_inventory,2020-01-01 11:03:18.837180,23,119,28,17,EMPTY,EMPTY,7
184,confirm_invoice,2020-01-01 11:18:29.302296,34,EMPTY,EMPTY,2,EMPTY,38,1
184,confirm_invoice,2020-01-01 11:18:29.302296,15,EMPTY,EMPTY,2,EMPTY,36,1
185,inspect_inventories,2020-01-01 11:18:39.767412,38,91,EMPTY,17,9,EMPTY,7
186,inspect_inventories,2020-01-01 11:18:39.767412,25,173,EMPTY,17,10,EMPTY,7
187,inspect_inventories,2020-01-01 11:18:39.767412,7,48,EMPTY,17,11,EMPTY,7
188,inspect_inventories,2020-01-01 11:18:39.767412,7,145,EMPTY,17,12,EMPTY,7
189,inspect_inventories,2020-01-01 11:18:39.767412,23,172,EMPTY,17,14,EMPTY,7
190,inspect_inventories,2020-01-01 11:18:39.767412,23,119,EMPTY,17,15,EMPTY,7
191,create_invoice,2020-01-01 11:18:40.767412,7,EMPTY,EMPTY,14,EMPTY,43,7
191,create_invoice,2020-01-01 11:18:40.767412,23,EMPTY,EMPTY,14,EMPTY,44,7
191,create_invoice,2020-01-01 11:18:40.767412,25,EMPTY,EMPTY,14,EMPTY,45,7
192,confirm_rental,2020-01-01 11:19:11.162760,13,EMPTY,EMPTY,12,EMPTY,EMPTY,3
192,confirm_rental,2020-01-01 11:19:11.162760,30,EMPTY,EMPTY,12,EMPTY,EMPTY,3
193,confirm_invoice,2020-01-01 11:19:21.627876,36,EMPTY,EMPTY,7,EMPTY,20,6
193,confirm_invoice,2020-01-01 11:19:21.627876,32,EMPTY,EMPTY,7,EMPTY,19,6
193,confirm_invoice,2020-01-01 11:19:21.627876,18,EMPTY,EMPTY,7,EMPTY,18,6
193,confirm_invoice,2020-01-01 11:19:21.627876,11,EMPTY,EMPTY,7,EMPTY,17,6
200,lend_inventory,2020-01-01 11:19:32.092992,14,54,15,1,EMPTY,EMPTY,1
203,return_inventory,2020-01-01 11:19:32.092992,21,98,63,17,EMPTY,EMPTY,7
202,lend_inventory,2020-01-01 11:19:32.092992,6,4,18,18,EMPTY,EMPTY,4
201,return_inventory,2020-01-01 11:19:32.092992,3,166,8,6,EMPTY,EMPTY,1
199,lend_inventory,2020-01-01 11:19:32.092992,14,20,15,1,EMPTY,EMPTY,1
204,return_inventory,2020-01-01 11:19:32.092992,38,74,70,14,EMPTY,EMPTY,7
197,return_inventory,2020-01-01 11:19:32.092992,26,194,78,1,EMPTY,EMPTY,1
196,lend_inventory,2020-01-01 11:19:32.092992,30,148,17,3,EMPTY,EMPTY,3
195,lend_inventory,2020-01-01 11:19:32.092992,30,42,17,3,EMPTY,EMPTY,3
194,return_inventory,2020-01-01 11:19:32.092992,31,51,32,18,EMPTY,EMPTY,4
198,return_inventory,2020-01-01 11:19:32.092992,0,30,36,2,EMPTY,EMPTY,1
205,confirm_rental,2020-01-01 11:34:32.092992,32,EMPTY,EMPTY,9,EMPTY,EMPTY,6
205,confirm_rental,2020-01-01 11:34:32.092992,36,EMPTY,EMPTY,9,EMPTY,EMPTY,6
205,confirm_rental,2020-01-01 11:34:32.092992,11,EMPTY,EMPTY,9,EMPTY,EMPTY,6
205,confirm_rental,2020-01-01 11:34:32.092992,18,EMPTY,EMPTY,9,EMPTY,EMPTY,6
206,confirm_invoice,2020-01-01 11:34:42.558108,19,EMPTY,EMPTY,20,EMPTY,40,5
206,confirm_invoice,2020-01-01 11:34:42.558108,1,EMPTY,EMPTY,20,EMPTY,42,5
206,confirm_invoice,2020-01-01 11:34:42.558108,33,EMPTY,EMPTY,20,EMPTY,26,5
207,confirm_invoice,2020-01-01 11:35:13.953456,2,EMPTY,EMPTY,11,EMPTY,41,7
208,cancel_inventory,2020-01-01 11:35:45.348804,11,57,6,EMPTY,EMPTY,EMPTY,6
209,lend_inventory,2020-01-01 11:35:45.348804,13,122,10,10,EMPTY,EMPTY,3
210,lend_inventory,2020-01-01 11:35:45.348804,13,53,10,10,EMPTY,EMPTY,3
211,pay_invoice,2020-01-01 11:35:45.348804,24,EMPTY,75,EMPTY,EMPTY,25,5
212,pay_invoice,2020-01-01 11:35:45.348804,25,EMPTY,35,EMPTY,EMPTY,45,7
213,lend_inventory,2020-01-01 11:35:45.348804,32,106,13,8,EMPTY,EMPTY,6
214,lend_inventory,2020-01-01 11:35:45.348804,32,139,13,8,EMPTY,EMPTY,6
215,cancel_inventory,2020-01-01 11:35:45.348804,36,94,48,EMPTY,EMPTY,EMPTY,6
216,return_inventory,2020-01-01 11:35:45.348804,3,7,8,1,EMPTY,EMPTY,1
217,return_inventory,2020-01-01 11:35:45.348804,31,143,32,18,EMPTY,EMPTY,4
218,return_inventory,2020-01-01 11:35:45.348804,6,4,18,13,EMPTY,EMPTY,4
222,inspect_inventories,2020-01-01 11:50:55.813920,3,7,EMPTY,5,22,EMPTY,1
221,inspect_inventories,2020-01-01 11:50:55.813920,3,166,EMPTY,5,19,EMPTY,1
219,inspect_inventories,2020-01-01 11:50:55.813920,26,194,EMPTY,5,17,EMPTY,1
220,inspect_inventories,2020-01-01 11:50:55.813920,0,30,EMPTY,5,18,EMPTY,1
223,create_invoice,2020-01-01 11:50:56.813920,3,EMPTY,EMPTY,2,EMPTY,46,1
224,inspect_inventories,2020-01-01 11:51:06.279036,9,93,EMPTY,18,13,EMPTY,4
225,inspect_inventories,2020-01-01 11:51:06.279036,31,51,EMPTY,18,16,EMPTY,4
226,inspect_inventories,2020-01-01 11:51:06.279036,31,143,EMPTY,18,23,EMPTY,4
227,inspect_inventories,2020-01-01 11:51:06.279036,6,4,EMPTY,18,24,EMPTY,4
228,create_invoice,2020-01-01 11:51:07.279036,6,EMPTY,EMPTY,18,EMPTY,47,4
228,create_invoice,2020-01-01 11:51:07.279036,9,EMPTY,EMPTY,18,EMPTY,48,4
236,return_inventory,2020-01-01 11:51:58.604616,25,65,35,17,EMPTY,EMPTY,7
241,pay_invoice,2020-01-01 11:51:58.604616,9,EMPTY,74,EMPTY,EMPTY,48,4
240,cancel_inventory,2020-01-01 11:51:58.604616,36,132,48,EMPTY,EMPTY,EMPTY,6
239,pay_invoice,2020-01-01 11:51:58.604616,7,EMPTY,77,EMPTY,EMPTY,43,7
238,return_inventory,2020-01-01 11:51:58.604616,20,112,9,16,EMPTY,EMPTY,2
237,return_inventory,2020-01-01 11:51:58.604616,14,20,15,1,EMPTY,EMPTY,1
235,cancel_inventory,2020-01-01 11:51:58.604616,11,114,6,EMPTY,EMPTY,EMPTY,6
233,return_inventory,2020-01-01 11:51:58.604616,39,192,79,16,EMPTY,EMPTY,2
232,return_inventory,2020-01-01 11:51:58.604616,16,39,79,16,EMPTY,EMPTY,2
231,return_inventory,2020-01-01 11:51:58.604616,16,19,79,16,EMPTY,EMPTY,2
230,return_inventory,2020-01-01 11:51:58.604616,4,150,58,16,EMPTY,EMPTY,2
229,return_inventory,2020-01-01 11:51:58.604616,30,148,17,10,EMPTY,EMPTY,3
234,return_inventory,2020-01-01 11:51:58.604616,28,11,60,18,EMPTY,EMPTY,4
242,inspect_inventories,2020-01-01 12:06:58.604616,21,98,EMPTY,11,20,EMPTY,7
243,inspect_inventories,2020-01-01 12:06:58.604616,38,74,EMPTY,11,21,EMPTY,7
244,inspect_inventories,2020-01-01 12:06:58.604616,25,65,EMPTY,11,31,EMPTY,7
245,inspect_inventories,2020-01-01 12:07:19.534848,14,20,EMPTY,6,32,EMPTY,1
246,confirm_rental,2020-01-01 12:07:29.999964,33,EMPTY,EMPTY,20,EMPTY,EMPTY,5
251,lend_inventory,2020-01-01 12:08:11.860428,33,76,61,20,EMPTY,EMPTY,5
254,lend_inventory,2020-01-01 12:08:11.860428,18,175,55,9,EMPTY,EMPTY,6
253,lend_inventory,2020-01-01 12:08:11.860428,18,44,55,9,EMPTY,EMPTY,6
252,lend_inventory,2020-01-01 12:08:11.860428,33,77,61,20,EMPTY,EMPTY,5
250,pay_invoice,2020-01-01 12:08:11.860428,6,EMPTY,18,EMPTY,EMPTY,47,4
249,return_inventory,2020-01-01 12:08:11.860428,0,129,36,6,EMPTY,EMPTY,1
248,return_inventory,2020-01-01 12:08:11.860428,13,53,10,19,EMPTY,EMPTY,3
247,return_inventory,2020-01-01 12:08:11.860428,12,177,77,14,EMPTY,EMPTY,7
255,inspect_inventories,2020-01-01 12:23:22.325544,28,11,EMPTY,4,30,EMPTY,4
256,confirm_invoice,2020-01-01 12:24:14.651124,24,EMPTY,EMPTY,20,EMPTY,25,5
257,return_inventory,2020-01-01 12:24:25.116240,32,106,13,9,EMPTY,EMPTY,6
258,return_inventory,2020-01-01 12:24:25.116240,32,139,13,9,EMPTY,EMPTY,6
259,return_inventory,2020-01-01 12:24:25.116240,8,109,35,11,EMPTY,EMPTY,7
260,return_inventory,2020-01-01 12:24:25.116240,30,42,17,12,EMPTY,EMPTY,3
261,return_inventory,2020-01-01 12:24:25.116240,28,197,60,4,EMPTY,EMPTY,4
262,pay_invoice,2020-01-01 12:24:25.116240,3,EMPTY,8,EMPTY,EMPTY,46,1
263,inspect_inventories,2020-01-01 12:39:25.116240,0,129,EMPTY,5,36,EMPTY,1
264,create_invoice,2020-01-01 12:39:26.116240,0,EMPTY,EMPTY,6,EMPTY,49,1
265,confirm_invoice,2020-01-01 12:39:46.046472,25,EMPTY,EMPTY,11,EMPTY,45,7
265,confirm_invoice,2020-01-01 12:39:46.046472,7,EMPTY,EMPTY,11,EMPTY,43,7
266,return_inventory,2020-01-01 12:40:38.372052,18,175,55,8,EMPTY,EMPTY,6
267,return_inventory,2020-01-01 12:40:38.372052,9,35,74,18,EMPTY,EMPTY,4
268,pay_invoice,2020-01-01 12:40:38.372052,0,EMPTY,36,EMPTY,EMPTY,49,1
269,return_inventory,2020-01-01 12:40:38.372052,37,113,67,18,EMPTY,EMPTY,4
270,inspect_inventories,2020-01-01 12:55:38.372052,30,148,EMPTY,12,25,EMPTY,3
271,inspect_inventories,2020-01-01 12:55:38.372052,13,53,EMPTY,12,35,EMPTY,3
272,inspect_inventories,2020-01-01 12:55:38.372052,30,42,EMPTY,12,40,EMPTY,3
273,create_invoice,2020-01-01 12:55:39.372052,30,EMPTY,EMPTY,10,EMPTY,51,3
273,create_invoice,2020-01-01 12:55:39.372052,13,EMPTY,EMPTY,10,EMPTY,50,3
274,confirm_rental,2020-01-01 12:56:20.232516,24,EMPTY,EMPTY,20,EMPTY,EMPTY,5
275,pay_invoice,2020-01-01 12:56:51.627864,13,EMPTY,10,EMPTY,EMPTY,50,3
276,return_inventory,2020-01-01 12:56:51.627864,29,190,30,16,EMPTY,EMPTY,2
277,return_inventory,2020-01-01 12:56:51.627864,8,135,35,14,EMPTY,EMPTY,7
278,confirm_rental,2020-01-01 13:12:54.418560,15,EMPTY,EMPTY,6,EMPTY,EMPTY,1
278,confirm_rental,2020-01-01 13:12:54.418560,34,EMPTY,EMPTY,6,EMPTY,EMPTY,1
284,return_inventory,2020-01-01 13:13:04.883676,14,54,15,6,EMPTY,EMPTY,1
285,return_inventory,2020-01-01 13:13:04.883676,33,76,61,20,EMPTY,EMPTY,5
283,return_inventory,2020-01-01 13:13:04.883676,18,44,55,9,EMPTY,EMPTY,6
279,cancel_inventory,2020-01-01 13:13:04.883676,15,60,71,EMPTY,EMPTY,EMPTY,1
281,lend_inventory,2020-01-01 13:13:04.883676,24,66,75,20,EMPTY,EMPTY,5
280,lend_inventory,2020-01-01 13:13:04.883676,24,72,75,20,EMPTY,EMPTY,5
282,return_inventory,2020-01-01 13:13:04.883676,22,79,79,16,EMPTY,EMPTY,2
286,inspect_inventories,2020-01-01 13:28:04.883676,14,54,EMPTY,2,49,EMPTY,1
287,inspect_inventories,2020-01-01 13:28:36.279024,32,106,EMPTY,9,37,EMPTY,6
288,inspect_inventories,2020-01-01 13:28:36.279024,32,139,EMPTY,9,38,EMPTY,6
289,inspect_inventories,2020-01-01 13:28:36.279024,18,175,EMPTY,9,42,EMPTY,6
290,inspect_inventories,2020-01-01 13:28:36.279024,18,44,EMPTY,9,48,EMPTY,6
291,create_invoice,2020-01-01 13:28:37.279024,18,EMPTY,EMPTY,8,EMPTY,52,6
297,inspect_inventories,2020-01-01 13:28:57.209256,20,112,EMPTY,16,33,EMPTY,2
299,inspect_inventories,2020-01-01 13:28:57.209256,22,79,EMPTY,16,47,EMPTY,2
298,inspect_inventories,2020-01-01 13:28:57.209256,29,190,EMPTY,16,45,EMPTY,2
296,inspect_inventories,2020-01-01 13:28:57.209256,39,192,EMPTY,16,29,EMPTY,2
295,inspect_inventories,2020-01-01 13:28:57.209256,16,39,EMPTY,16,28,EMPTY,2
294,inspect_inventories,2020-01-01 13:28:57.209256,16,19,EMPTY,16,27,EMPTY,2
293,inspect_inventories,2020-01-01 13:28:57.209256,4,150,EMPTY,16,26,EMPTY,2
292,inspect_inventories,2020-01-01 13:28:57.209256,35,164,EMPTY,16,8,EMPTY,2
300,create_invoice,2020-01-01 13:28:58.209256,4,EMPTY,EMPTY,16,EMPTY,53,2
300,create_invoice,2020-01-01 13:28:58.209256,20,EMPTY,EMPTY,16,EMPTY,54,2
300,create_invoice,2020-01-01 13:28:58.209256,39,EMPTY,EMPTY,16,EMPTY,55,2
301,pay_invoice,2020-01-01 13:29:18.139488,30,EMPTY,17,EMPTY,EMPTY,51,3
302,pay_invoice,2020-01-01 13:29:18.139488,20,EMPTY,9,EMPTY,EMPTY,54,2
303,return_inventory,2020-01-01 13:29:18.139488,10,200,67,18,EMPTY,EMPTY,4
304,lend_inventory,2020-01-01 13:29:18.139488,15,181,71,5,EMPTY,EMPTY,1
305,lend_inventory,2020-01-01 13:29:18.139488,34,160,71,5,EMPTY,EMPTY,1
306,lend_inventory,2020-01-01 13:29:18.139488,34,170,71,5,EMPTY,EMPTY,1
307,pay_invoice,2020-01-01 13:29:18.139488,4,EMPTY,58,EMPTY,EMPTY,53,2
308,return_inventory,2020-01-01 13:29:18.139488,24,72,75,20,EMPTY,EMPTY,5
309,confirm_invoice,2020-01-01 13:44:39.069720,30,EMPTY,EMPTY,10,EMPTY,51,3
309,confirm_invoice,2020-01-01 13:44:39.069720,13,EMPTY,EMPTY,10,EMPTY,50,3
309,confirm_invoice,2020-01-01 13:44:39.069720,5,EMPTY,EMPTY,10,EMPTY,27,3
309,confirm_invoice,2020-01-01 13:44:39.069720,27,EMPTY,EMPTY,10,EMPTY,29,3
310,inspect_inventories,2020-01-01 13:45:10.465068,28,197,EMPTY,4,41,EMPTY,4
311,inspect_inventories,2020-01-01 13:45:10.465068,9,35,EMPTY,4,43,EMPTY,4
312,inspect_inventories,2020-01-01 13:45:10.465068,37,113,EMPTY,4,44,EMPTY,4
313,inspect_inventories,2020-01-01 13:45:10.465068,10,200,EMPTY,4,51,EMPTY,4
314,create_invoice,2020-01-01 13:45:11.465068,9,EMPTY,EMPTY,13,EMPTY,56,4
314,create_invoice,2020-01-01 13:45:11.465068,28,EMPTY,EMPTY,13,EMPTY,57,4
315,return_inventory,2020-01-01 13:45:31.395300,12,193,77,14,EMPTY,EMPTY,7
316,return_inventory,2020-01-01 13:45:31.395300,33,77,61,20,EMPTY,EMPTY,5
317,pay_invoice,2020-01-01 13:45:31.395300,28,EMPTY,60,EMPTY,EMPTY,57,4
318,confirm_invoice,2020-01-01 14:00:52.325532,20,EMPTY,EMPTY,16,EMPTY,54,2
318,confirm_invoice,2020-01-01 14:00:52.325532,4,EMPTY,EMPTY,16,EMPTY,53,2
321,inspect_inventories,2020-01-01 14:01:02.790648,33,77,EMPTY,20,54,EMPTY,5
319,inspect_inventories,2020-01-01 14:01:02.790648,33,76,EMPTY,20,50,EMPTY,5
320,inspect_inventories,2020-01-01 14:01:02.790648,24,72,EMPTY,20,52,EMPTY,5
322,create_invoice,2020-01-01 14:01:03.790648,33,EMPTY,EMPTY,20,EMPTY,58,5
323,return_inventory,2020-01-01 14:01:44.651112,10,59,67,4,EMPTY,EMPTY,4
324,return_inventory,2020-01-01 14:01:44.651112,37,50,67,4,EMPTY,EMPTY,4
325,pay_invoice,2020-01-01 14:01:44.651112,23,EMPTY,28,EMPTY,EMPTY,44,7
326,inspect_inventories,2020-01-01 14:16:44.651112,10,59,EMPTY,4,55,EMPTY,4
327,inspect_inventories,2020-01-01 14:16:44.651112,37,50,EMPTY,4,56,EMPTY,4
328,pay_invoice,2020-01-01 14:17:57.906924,33,EMPTY,61,EMPTY,EMPTY,58,5
329,pay_invoice,2020-01-01 14:17:57.906924,18,EMPTY,55,EMPTY,EMPTY,52,6
330,confirm_invoice,2020-01-01 14:33:39.767388,18,EMPTY,EMPTY,9,EMPTY,52,6
331,return_inventory,2020-01-01 14:34:11.162736,29,158,30,16,EMPTY,EMPTY,2
332,return_inventory,2020-01-01 14:34:11.162736,24,66,75,20,EMPTY,EMPTY,5
333,return_inventory,2020-01-01 14:34:11.162736,34,170,71,5,EMPTY,EMPTY,1
334,confirm_invoice,2020-01-01 14:49:11.162736,23,EMPTY,EMPTY,11,EMPTY,44,7
335,pay_invoice,2020-01-01 14:50:24.418548,39,EMPTY,79,EMPTY,EMPTY,55,2
336,return_inventory,2020-01-01 15:06:37.674360,15,181,71,5,EMPTY,EMPTY,1
337,return_inventory,2020-01-01 15:06:37.674360,34,160,71,5,EMPTY,EMPTY,1
338,confirm_invoice,2020-01-01 15:21:58.604592,33,EMPTY,EMPTY,20,EMPTY,58,5
339,inspect_inventories,2020-01-01 15:22:29.999940,34,170,EMPTY,5,59,EMPTY,1
340,inspect_inventories,2020-01-01 15:22:29.999940,15,181,EMPTY,5,60,EMPTY,1
341,inspect_inventories,2020-01-01 15:22:29.999940,34,160,EMPTY,5,61,EMPTY,1
342,create_invoice,2020-01-01 15:22:30.999940,15,EMPTY,EMPTY,5,EMPTY,59,1
342,create_invoice,2020-01-01 15:22:30.999940,34,EMPTY,EMPTY,5,EMPTY,60,1
343,inspect_inventories,2020-01-01 15:22:40.465056,12,177,EMPTY,11,34,EMPTY,7
344,inspect_inventories,2020-01-01 15:22:40.465056,8,109,EMPTY,11,39,EMPTY,7
345,inspect_inventories,2020-01-01 15:22:40.465056,8,135,EMPTY,11,46,EMPTY,7
346,inspect_inventories,2020-01-01 15:22:40.465056,12,193,EMPTY,11,53,EMPTY,7
347,create_invoice,2020-01-01 15:22:41.465056,8,EMPTY,EMPTY,14,EMPTY,61,7
347,create_invoice,2020-01-01 15:22:41.465056,12,EMPTY,EMPTY,14,EMPTY,62,7
349,pay_invoice,2020-01-01 15:22:50.930172,8,EMPTY,35,EMPTY,EMPTY,61,7
348,pay_invoice,2020-01-01 15:22:50.930172,9,EMPTY,74,EMPTY,EMPTY,56,4
350,inspect_inventories,2020-01-01 15:38:01.395288,29,158,EMPTY,16,57,EMPTY,2
351,create_invoice,2020-01-01 15:38:02.395288,29,EMPTY,EMPTY,16,EMPTY,63,2
352,return_inventory,2020-01-01 15:39:04.185984,13,122,10,3,EMPTY,EMPTY,3
353,inspect_inventories,2020-01-01 15:54:04.185984,13,122,EMPTY,10,62,EMPTY,3
354,confirm_invoice,2020-01-01 15:54:56.511564,3,EMPTY,EMPTY,6,EMPTY,46,1
354,confirm_invoice,2020-01-01 15:54:56.511564,0,EMPTY,EMPTY,6,EMPTY,49,1
355,confirm_invoice,2020-01-01 16:10:27.906912,6,EMPTY,EMPTY,4,EMPTY,47,4
355,confirm_invoice,2020-01-01 16:10:27.906912,9,EMPTY,EMPTY,4,EMPTY,48,4
355,confirm_invoice,2020-01-01 16:10:27.906912,9,EMPTY,EMPTY,4,EMPTY,56,4
355,confirm_invoice,2020-01-01 16:10:27.906912,28,EMPTY,EMPTY,4,EMPTY,57,4
356,confirm_invoice,2020-01-01 16:11:20.232492,8,EMPTY,EMPTY,14,EMPTY,61,7
358,pay_invoice,2020-01-01 16:11:30.697608,15,EMPTY,71,EMPTY,EMPTY,59,1
358,pay_invoice,2020-01-01 16:11:30.697608,34,EMPTY,71,EMPTY,EMPTY,60,1
357,pay_invoice,2020-01-01 16:11:30.697608,12,EMPTY,77,EMPTY,EMPTY,62,7
359,confirm_invoice,2020-01-01 16:26:51.627840,39,EMPTY,EMPTY,16,EMPTY,55,2
360,confirm_invoice,2020-01-01 16:42:43.953420,15,EMPTY,EMPTY,6,EMPTY,59,1
360,confirm_invoice,2020-01-01 16:42:43.953420,34,EMPTY,EMPTY,6,EMPTY,60,1
361,inspect_inventories,2020-01-01 16:43:25.813884,24,66,EMPTY,20,58,EMPTY,5
362,create_invoice,2020-01-01 16:43:26.813884,24,EMPTY,EMPTY,20,EMPTY,64,5
363,confirm_invoice,2020-01-01 16:59:39.069696,12,EMPTY,EMPTY,14,EMPTY,62,7
364,pay_invoice,2020-01-01 17:00:10.465044,29,EMPTY,30,EMPTY,EMPTY,63,2
365,pay_invoice,2020-01-01 17:48:50.232480,24,EMPTY,75,EMPTY,EMPTY,64,5
366,confirm_invoice,2020-01-01 18:20:03.488292,24,EMPTY,EMPTY,20,EMPTY,64,5
367,confirm_invoice,2020-01-01 18:20:34.883640,29,EMPTY,EMPTY,16,EMPTY,63,2
368,confirm_rental,2020-01-01 18:36:16.744104,5,EMPTY,EMPTY,3,EMPTY,EMPTY,3
368,confirm_rental,2020-01-01 18:36:16.744104,27,EMPTY,EMPTY,3,EMPTY,EMPTY,3
369,cancel_inventory,2020-01-01 18:37:29.999916,5,102,45,EMPTY,EMPTY,EMPTY,3
370,cancel_inventory,2020-01-01 18:37:29.999916,27,157,66,EMPTY,EMPTY,EMPTY,3
371,cancel_inventory,2020-01-01 18:53:43.255728,27,46,66,EMPTY,EMPTY,EMPTY,3
372,cancel_inventory,2020-01-01 19:26:09.767352,5,108,45,EMPTY,EMPTY,EMPTY,3
