event_id,activity,timestamp,rental,inventory,customer,staff,inspection,invoice
0,create_rental,2020-01-01 08:02:05.581395,[0],"[64, 179]",56,EMPTY,EMPTY,EMPTY
1,create_rental,2020-01-01 08:31:23.720925,[1],"[107, 191]",19,EMPTY,EMPTY,EMPTY
2,create_rental,2020-01-01 08:38:22.325575,[2],"[157, 46]",45,EMPTY,EMPTY,EMPTY
3,create_rental,2020-01-01 08:40:27.906970,[3],"[17, 141]",10,EMPTY,EMPTY,EMPTY
4,create_rental,2020-01-01 08:47:26.511620,[4],"[120, 164]",2,EMPTY,EMPTY,EMPTY
5,create_rental,2020-01-01 08:48:08.372085,[5],"[146, 66]",61,EMPTY,EMPTY,EMPTY
6,create_rental,2020-01-01 08:48:50.232550,[6],"[69, 13]",32,EMPTY,EMPTY,EMPTY
7,create_rental,2020-01-01 09:01:23.720920,[7],"[113, 156]",39,EMPTY,EMPTY,EMPTY
8,create_rental,2020-01-01 09:07:40.465105,[8],"[1, 124]",30,EMPTY,EMPTY,EMPTY
9,create_rental,2020-01-01 09:15:20.930220,[9],[130],48,EMPTY,EMPTY,EMPTY
10,create_rental,2020-01-01 09:28:36.279055,[10],"[134, 6]",1,EMPTY,EMPTY,EMPTY
11,create_rental,2020-01-01 09:30:41.860450,[11],"[181, 167]",15,EMPTY,EMPTY,EMPTY
12,create_rental,2020-01-01 09:38:22.325565,[12],"[152, 38]",38,EMPTY,EMPTY,EMPTY
13,create_invoice,2020-01-01 09:57:12.558120,"[6, 7]",EMPTY,EMPTY,4,EMPTY,"[0, 1]"
14,create_rental,2020-01-01 10:09:04.186025,[13],"[140, 180]",31,EMPTY,EMPTY,EMPTY
15,create_rental,2020-01-01 10:18:50.232535,[14],"[128, 33]",52,EMPTY,EMPTY,EMPTY
16,create_rental,2020-01-01 10:21:37.674395,[15],"[26, 118]",13,EMPTY,EMPTY,EMPTY
17,create_rental,2020-01-01 10:29:59.999975,[16],[21],41,EMPTY,EMPTY,EMPTY
18,create_rental,2020-01-01 10:34:11.162765,[17],"[147, 175]",69,EMPTY,EMPTY,EMPTY
19,create_rental,2020-01-01 10:40:27.906950,[18],"[48, 173]",77,EMPTY,EMPTY,EMPTY
20,create_rental,2020-01-01 10:44:39.069740,[19],"[138, 34]",19,EMPTY,EMPTY,EMPTY
21,create_rental,2020-01-01 10:50:13.953460,[20],"[105, 102]",45,EMPTY,EMPTY,EMPTY
22,create_invoice,2020-01-01 10:55:48.837180,"[2, 3, 12, 13, 14, 20]",EMPTY,EMPTY,10,EMPTY,"[2, 3, 4, 5, 6, 7]"
23,create_invoice,2020-01-01 10:58:36.279040,"[1, 19, 5]",EMPTY,EMPTY,20,EMPTY,"[8, 9, 10]"
24,pay_invoice,2020-01-01 11:01:23.720900,EMPTY,EMPTY,10,EMPTY,EMPTY,[3]
25,create_rental,2020-01-01 11:02:05.581365,[21],"[136, 52]",68,EMPTY,EMPTY,EMPTY
26,create_rental,2020-01-01 11:15:20.930200,[22],"[24, 170]",71,EMPTY,EMPTY,EMPTY
27,pay_invoice,2020-01-01 11:16:44.651130,EMPTY,EMPTY,45,EMPTY,EMPTY,"[2, 7]"
28,create_rental,2020-01-01 11:21:37.674385,[23],"[133, 182]",43,EMPTY,EMPTY,EMPTY
29,create_rental,2020-01-01 11:32:05.581360,[24],"[195, 110]",22,EMPTY,EMPTY,EMPTY
30,pay_invoice,2020-01-01 11:42:33.488335,EMPTY,EMPTY,19,EMPTY,EMPTY,"[8, 10]"
31,pay_invoice,2020-01-01 11:43:57.209265,EMPTY,EMPTY,31,EMPTY,EMPTY,[5]
32,create_rental,2020-01-01 11:46:44.651125,[25],"[200, 171]",18,EMPTY,EMPTY,EMPTY
33,pay_invoice,2020-01-01 11:50:13.953450,EMPTY,EMPTY,38,EMPTY,EMPTY,[4]
34,create_invoice,2020-01-01 11:57:12.558100,"[16, 9, 17, 15]",EMPTY,EMPTY,8,EMPTY,"[11, 12, 13, 14]"
35,create_invoice,2020-01-01 11:58:36.279030,"[10, 11, 22, 23, 24]",EMPTY,EMPTY,1,EMPTY,"[15, 16, 17, 18, 19]"
36,create_rental,2020-01-01 12:04:11.162750,[26],"[96, 28]",74,EMPTY,EMPTY,EMPTY
37,create_rental,2020-01-01 12:21:37.674375,[27],"[160, 188]",8,EMPTY,EMPTY,EMPTY
38,pay_invoice,2020-01-01 12:25:06.976700,EMPTY,EMPTY,71,EMPTY,EMPTY,[17]
39,create_rental,2020-01-01 12:25:48.837165,[28],"[121, 63]",54,EMPTY,EMPTY,EMPTY
40,create_rental,2020-01-01 12:27:54.418560,[29],"[109, 62]",35,EMPTY,EMPTY,EMPTY
41,create_rental,2020-01-01 12:34:11.162745,[30],[172],49,EMPTY,EMPTY,EMPTY
42,pay_invoice,2020-01-01 12:41:09.767395,EMPTY,EMPTY,52,EMPTY,EMPTY,[6]
43,create_rental,2020-01-01 12:41:51.627860,[31],"[50, 35]",32,EMPTY,EMPTY,EMPTY
44,create_rental,2020-01-01 12:46:44.651115,[32],[90],48,EMPTY,EMPTY,EMPTY
45,create_rental,2020-01-01 12:50:55.813905,[33],"[32, 91]",70,EMPTY,EMPTY,EMPTY
46,create_rental,2020-01-01 12:52:19.534835,[34],"[49, 125]",46,EMPTY,EMPTY,EMPTY
47,create_invoice,2020-01-01 12:55:48.837160,"[0, 33, 18, 29, 30]",EMPTY,EMPTY,14,EMPTY,"[20, 21, 22, 23, 24]"
48,create_invoice,2020-01-01 12:56:30.697625,[27],EMPTY,EMPTY,1,EMPTY,[25]
49,create_rental,2020-01-01 13:08:22.325530,[35],"[115, 197]",4,EMPTY,EMPTY,EMPTY
50,create_rental,2020-01-01 13:12:33.488320,[36],"[158, 79]",23,EMPTY,EMPTY,EMPTY
51,pay_invoice,2020-01-01 13:13:15.348785,EMPTY,EMPTY,56,EMPTY,EMPTY,[20]
52,create_rental,2020-01-01 13:15:20.930180,[37],"[60, 22]",71,EMPTY,EMPTY,EMPTY
53,pay_invoice,2020-01-01 13:16:02.790645,EMPTY,EMPTY,8,EMPTY,EMPTY,[25]
54,create_rental,2020-01-01 13:20:55.813900,[38],"[58, 155]",54,EMPTY,EMPTY,EMPTY
55,create_rental,2020-01-01 13:25:48.837155,[39],"[20, 30]",64,EMPTY,EMPTY,EMPTY
56,create_rental,2020-01-01 13:27:12.558085,[40],"[139, 44]",76,EMPTY,EMPTY,EMPTY
57,pay_invoice,2020-01-01 13:43:15.348780,EMPTY,EMPTY,39,EMPTY,EMPTY,[1]
58,pay_invoice,2020-01-01 13:48:50.232500,EMPTY,EMPTY,32,EMPTY,EMPTY,[0]
59,pay_invoice,2020-01-01 13:52:19.534825,EMPTY,EMPTY,48,EMPTY,EMPTY,[11]
60,pay_invoice,2020-01-01 13:54:25.116220,EMPTY,EMPTY,15,EMPTY,EMPTY,[16]
61,create_invoice,2020-01-01 13:57:54.418545,"[37, 39]",EMPTY,EMPTY,6,EMPTY,"[26, 27]"
62,create_invoice,2020-01-01 13:58:36.279010,"[28, 21, 38]",EMPTY,EMPTY,20,EMPTY,"[28, 29, 30]"
63,confirm_invoice,2020-01-01 13:59:18.139475,EMPTY,EMPTY,EMPTY,18,EMPTY,"[0, 1]"
64,pay_invoice,2020-01-01 14:00:41.860405,EMPTY,EMPTY,22,EMPTY,EMPTY,[19]
65,pay_invoice,2020-01-01 14:20:55.813890,EMPTY,EMPTY,64,EMPTY,EMPTY,[27]
66,pay_invoice,2020-01-01 14:24:25.116215,EMPTY,EMPTY,77,EMPTY,EMPTY,[21]
67,pay_invoice,2020-01-01 14:26:30.697610,EMPTY,EMPTY,13,EMPTY,EMPTY,[12]
68,pay_invoice,2020-01-01 14:34:11.162725,EMPTY,EMPTY,35,EMPTY,EMPTY,[22]
69,create_rental,2020-01-01 14:35:34.883655,[41],"[40, 192]",51,EMPTY,EMPTY,EMPTY
70,create_rental,2020-01-01 14:36:58.604585,[42],"[19, 100]",65,EMPTY,EMPTY,EMPTY
71,create_rental,2020-01-01 14:41:51.627840,[43],"[83, 93]",32,EMPTY,EMPTY,EMPTY
72,create_rental,2020-01-01 14:45:20.930165,[44],"[189, 183]",61,EMPTY,EMPTY,EMPTY
73,create_rental,2020-01-01 14:50:13.953420,[45],"[117, 135]",56,EMPTY,EMPTY,EMPTY
74,create_invoice,2020-01-01 14:57:12.558070,"[34, 35, 43, 25, 26, 31]",EMPTY,EMPTY,13,EMPTY,"[31, 32, 33, 34, 35, 36]"
75,create_rental,2020-01-01 15:03:29.302255,[46],"[154, 54]",8,EMPTY,EMPTY,EMPTY
76,pay_invoice,2020-01-01 15:09:46.046440,EMPTY,EMPTY,70,EMPTY,EMPTY,[24]
77,create_rental,2020-01-01 15:13:15.348765,[47],"[2, 51]",67,EMPTY,EMPTY,EMPTY
78,pay_invoice,2020-01-01 15:18:08.372020,EMPTY,EMPTY,4,EMPTY,EMPTY,[35]
79,create_rental,2020-01-01 15:27:12.558065,[48],"[176, 3]",59,EMPTY,EMPTY,EMPTY
80,pay_invoice,2020-01-01 15:32:05.581320,EMPTY,EMPTY,18,EMPTY,EMPTY,[31]
81,create_rental,2020-01-01 15:34:53.023180,[49],"[196, 12]",19,EMPTY,EMPTY,EMPTY
82,create_rental,2020-01-01 15:42:33.488295,[50],"[77, 174]",68,EMPTY,EMPTY,EMPTY
83,pay_invoice,2020-01-01 15:53:43.255735,EMPTY,EMPTY,43,EMPTY,EMPTY,[18]
84,confirm_invoice,2020-01-01 15:55:48.837130,EMPTY,EMPTY,EMPTY,2,EMPTY,"[16, 17, 18, 19, 25, 27]"
85,confirm_invoice,2020-01-01 15:57:54.418525,EMPTY,EMPTY,EMPTY,13,EMPTY,"[31, 35]"
86,create_invoice,2020-01-01 15:58:36.278990,[48],EMPTY,EMPTY,10,EMPTY,[37]
87,create_rental,2020-01-01 16:00:41.860385,[51],"[41, 67]",42,EMPTY,EMPTY,EMPTY
88,create_rental,2020-01-01 16:02:05.581315,[52],"[36, 29]",4,EMPTY,EMPTY,EMPTY
89,pay_invoice,2020-01-01 16:09:04.185965,EMPTY,EMPTY,1,EMPTY,EMPTY,[15]
90,create_rental,2020-01-01 16:09:46.046430,[53],"[161, 163]",54,EMPTY,EMPTY,EMPTY
91,pay_invoice,2020-01-01 16:29:59.999915,EMPTY,EMPTY,69,EMPTY,EMPTY,[14]
92,create_rental,2020-01-01 16:35:34.883635,[54],"[198, 95]",68,EMPTY,EMPTY,EMPTY
93,create_rental,2020-01-01 16:46:02.790610,[55],[68],48,EMPTY,EMPTY,EMPTY
94,create_rental,2020-01-01 16:46:44.651075,[56],"[101, 149]",28,EMPTY,EMPTY,EMPTY
95,create_rental,2020-01-01 16:51:37.674330,[57],"[153, 82]",8,EMPTY,EMPTY,EMPTY
96,create_rental,2020-01-01 16:52:19.534795,[58],"[11, 87]",18,EMPTY,EMPTY,EMPTY
97,create_invoice,2020-01-01 16:56:30.697585,"[57, 46]",EMPTY,EMPTY,6,EMPTY,"[38, 39]"
98,confirm_invoice,2020-01-01 16:57:12.558050,EMPTY,EMPTY,EMPTY,11,EMPTY,"[20, 21, 22, 24]"
99,confirm_invoice,2020-01-01 16:57:54.418515,EMPTY,EMPTY,EMPTY,12,EMPTY,"[2, 3, 4, 5, 6, 7]"
100,pay_invoice,2020-01-01 17:05:34.883630,EMPTY,EMPTY,59,EMPTY,EMPTY,[37]
101,create_rental,2020-01-01 17:14:39.069675,[59],"[169, 137]",31,EMPTY,EMPTY,EMPTY
102,create_rental,2020-01-01 17:15:20.930140,[60],"[73, 55]",34,EMPTY,EMPTY,EMPTY
103,create_rental,2020-01-01 17:20:13.953395,[61],"[37, 70]",37,EMPTY,EMPTY,EMPTY
104,create_rental,2020-01-01 17:24:25.116185,[62],"[80, 15]",13,EMPTY,EMPTY,EMPTY
105,pay_invoice,2020-01-01 17:48:50.232460,EMPTY,EMPTY,49,EMPTY,EMPTY,[23]
106,create_rental,2020-01-01 17:53:43.255715,[63],"[39, 71]",65,EMPTY,EMPTY,EMPTY
107,create_invoice,2020-01-01 17:55:06.976645,"[32, 40, 55, 60, 62]",EMPTY,EMPTY,9,EMPTY,"[40, 41, 42, 43, 44]"
108,confirm_rental,2020-01-01 17:57:12.558040,"[2, 3, 12, 13, 14, 20]",EMPTY,EMPTY,15,EMPTY,EMPTY
109,confirm_invoice,2020-01-01 17:57:54.418505,EMPTY,EMPTY,EMPTY,6,EMPTY,[15]
110,confirm_invoice,2020-01-01 17:58:36.278970,EMPTY,EMPTY,EMPTY,20,EMPTY,"[8, 10]"
111,confirm_rental,2020-01-01 17:59:18.139435,"[0, 18, 29, 33]",EMPTY,EMPTY,14,EMPTY,EMPTY
112,lend_inventory,2020-01-01 17:59:59.999900,[14],"[128, 33]",52,12,EMPTY,EMPTY
113,pay_invoice,2020-01-01 18:00:41.860365,EMPTY,EMPTY,68,EMPTY,EMPTY,[28]
114,cancel_inventory,2020-01-01 18:01:23.720830,[33],[32],70,EMPTY,EMPTY,EMPTY
115,create_rental,2020-01-01 18:03:29.302225,[64],[75],18,EMPTY,EMPTY,EMPTY
116,cancel_inventory,2020-01-01 18:04:53.023155,[3],[141],10,EMPTY,EMPTY,EMPTY
117,create_rental,2020-01-01 18:07:40.465015,[65],"[145, 193]",21,EMPTY,EMPTY,EMPTY
118,create_rental,2020-01-01 18:11:09.767340,[66],"[27, 86]",32,EMPTY,EMPTY,EMPTY
119,cancel_inventory,2020-01-01 18:14:39.069665,[29],[62],35,EMPTY,EMPTY,EMPTY
120,pay_invoice,2020-01-01 18:16:44.651060,EMPTY,EMPTY,76,EMPTY,EMPTY,[41]
121,create_rental,2020-01-01 18:17:26.511525,[67],"[78, 190]",44,EMPTY,EMPTY,EMPTY
122,create_rental,2020-01-01 18:24:25.116175,[68],"[184, 4]",67,EMPTY,EMPTY,EMPTY
123,lend_inventory,2020-01-01 18:26:30.697570,[18],"[48, 173]",77,14,EMPTY,EMPTY
124,create_rental,2020-01-01 18:27:12.558035,[69],[89],5,EMPTY,EMPTY,EMPTY
125,create_rental,2020-01-01 18:34:11.162685,[70],"[72, 131]",61,EMPTY,EMPTY,EMPTY
126,create_rental,2020-01-01 18:49:32.092915,[71],"[114, 187]",41,EMPTY,EMPTY,EMPTY
127,lend_inventory,2020-01-01 18:54:25.116170,[0],"[64, 179]",56,11,EMPTY,EMPTY
128,confirm_invoice,2020-01-01 18:55:06.976635,EMPTY,EMPTY,EMPTY,14,EMPTY,[23]
129,confirm_invoice,2020-01-01 18:55:48.837100,EMPTY,EMPTY,EMPTY,15,EMPTY,[37]
130,confirm_rental,2020-01-01 18:57:12.558030,"[1, 19]",EMPTY,EMPTY,20,EMPTY,EMPTY
131,create_invoice,2020-01-01 18:57:54.418495,"[67, 4, 36, 8, 41, 42, 61, 63]",EMPTY,EMPTY,16,EMPTY,"[45, 46, 47, 48, 49, 50, 51, 52]"
132,cancel_inventory,2020-01-01 18:59:59.999890,[3],[17],10,EMPTY,EMPTY,EMPTY
133,lend_inventory,2020-01-01 19:00:41.860355,[29],[109],35,17,EMPTY,EMPTY
134,pay_invoice,2020-01-01 19:06:16.744075,EMPTY,EMPTY,54,EMPTY,EMPTY,"[29, 30]"
135,lend_inventory,2020-01-01 19:07:40.465005,[12],"[152, 38]",38,15,EMPTY,EMPTY
136,create_rental,2020-01-01 19:09:46.046400,[72],"[88, 165]",77,EMPTY,EMPTY,EMPTY
137,pay_invoice,2020-01-01 19:16:44.651050,EMPTY,EMPTY,23,EMPTY,EMPTY,[47]
138,create_rental,2020-01-01 19:23:01.395235,[73],"[185, 108]",17,EMPTY,EMPTY,EMPTY
139,create_rental,2020-01-01 19:30:41.860350,[74],"[106, 199]",6,EMPTY,EMPTY,EMPTY
140,create_rental,2020-01-01 19:32:05.581280,[75],"[56, 76]",33,EMPTY,EMPTY,EMPTY
141,create_rental,2020-01-01 19:39:04.185930,[76],"[25, 143]",60,EMPTY,EMPTY,EMPTY
142,pay_invoice,2020-01-01 19:41:09.767325,EMPTY,EMPTY,8,EMPTY,EMPTY,"[38, 39]"
143,create_rental,2020-01-01 19:41:51.627790,[77],"[178, 47]",2,EMPTY,EMPTY,EMPTY
144,cancel_inventory,2020-01-01 19:42:33.488255,[33],[91],70,EMPTY,EMPTY,EMPTY
145,create_rental,2020-01-01 19:44:39.069650,[78],"[9, 151]",49,EMPTY,EMPTY,EMPTY
146,cancel_inventory,2020-01-01 19:46:44.651045,[19],[34],19,EMPTY,EMPTY,EMPTY
147,lend_inventory,2020-01-01 19:47:26.511510,"[2, 20]","[157, 46, 105, 102]",45,12,EMPTY,EMPTY
148,return_inventory,2020-01-01 19:50:55.813835,[14],"[128, 33]",52,15,EMPTY,EMPTY
149,create_rental,2020-01-01 19:54:25.116160,[79],"[98, 62]",14,EMPTY,EMPTY,EMPTY
150,create_invoice,2020-01-01 19:58:36.278950,"[64, 66, 68, 76, 47, 52, 58]",EMPTY,EMPTY,18,EMPTY,"[53, 54, 55, 56, 57, 58, 59]"
151,create_rental,2020-01-01 20:00:41.860345,[80],[127],28,EMPTY,EMPTY,EMPTY
152,pay_invoice,2020-01-01 20:02:05.581275,EMPTY,EMPTY,18,EMPTY,EMPTY,"[55, 56]"
153,pay_invoice,2020-01-01 20:05:34.883600,EMPTY,EMPTY,41,EMPTY,EMPTY,[13]
154,create_rental,2020-01-01 20:06:58.604530,[81],"[177, 91]",56,EMPTY,EMPTY,EMPTY
155,create_rental,2020-01-01 20:10:27.906855,[82],[59],25,EMPTY,EMPTY,EMPTY
156,pay_invoice,2020-01-01 20:11:09.767320,EMPTY,EMPTY,71,EMPTY,EMPTY,[26]
157,cancel_inventory,2020-01-01 20:11:51.627785,[13],[180],31,EMPTY,EMPTY,EMPTY
158,create_rental,2020-01-01 20:15:20.930110,[83],"[180, 61]",17,EMPTY,EMPTY,EMPTY
159,create_rental,2020-01-01 20:16:02.790575,[84],"[65, 123]",35,EMPTY,EMPTY,EMPTY
160,create_rental,2020-01-01 20:16:44.651040,[85],"[84, 45]",68,EMPTY,EMPTY,EMPTY
161,create_rental,2020-01-01 20:18:50.232435,[86],"[8, 85]",58,EMPTY,EMPTY,EMPTY
162,create_rental,2020-01-01 20:24:25.116155,[87],"[186, 103]",65,EMPTY,EMPTY,EMPTY
163,pay_invoice,2020-01-01 20:25:48.837085,EMPTY,EMPTY,60,EMPTY,EMPTY,[59]
164,create_rental,2020-01-01 20:32:47.441735,[88],"[34, 5]",75,EMPTY,EMPTY,EMPTY
165,lend_inventory,2020-01-01 20:35:34.883595,"[1, 19]","[107, 191, 138]",19,20,EMPTY,EMPTY
166,pay_invoice,2020-01-01 20:38:22.325455,EMPTY,EMPTY,37,EMPTY,EMPTY,[50]
167,return_inventory,2020-01-01 20:45:20.930105,[12],"[152, 38]",38,12,EMPTY,EMPTY
168,confirm_invoice,2020-01-01 20:56:30.697545,EMPTY,EMPTY,EMPTY,16,EMPTY,"[47, 50]"
169,create_invoice,2020-01-01 20:58:36.278940,"[73, 83, 59]",EMPTY,EMPTY,10,EMPTY,"[60, 61, 62]"
170,create_invoice,2020-01-01 20:59:18.139405,"[65, 72, 45, 78, 79, 80, 81, 51, 84, 56]",EMPTY,EMPTY,17,EMPTY,"[63, 64, 65, 66, 67, 68, 69, 70, 71, 72]"
171,pay_invoice,2020-01-01 21:01:23.720800,EMPTY,EMPTY,42,EMPTY,EMPTY,[64]
172,create_rental,2020-01-01 21:04:11.162660,[89],[14],40,EMPTY,EMPTY,EMPTY
173,pay_invoice,2020-01-01 21:05:34.883590,EMPTY,EMPTY,74,EMPTY,EMPTY,[32]
174,create_rental,2020-01-01 21:06:58.604520,[90],"[194, 142]",15,EMPTY,EMPTY,EMPTY
175,lend_inventory,2020-01-01 21:08:22.325450,[13],[140],31,12,EMPTY,EMPTY
176,create_rental,2020-01-01 21:17:26.511495,[91],[7],78,EMPTY,EMPTY,EMPTY
177,pay_invoice,2020-01-01 21:26:30.697540,EMPTY,EMPTY,34,EMPTY,EMPTY,[43]
178,pay_invoice,2020-01-01 21:29:59.999865,EMPTY,EMPTY,13,EMPTY,EMPTY,[44]
179,pay_invoice,2020-01-01 21:33:29.302190,EMPTY,EMPTY,21,EMPTY,EMPTY,[66]
180,pay_invoice,2020-01-01 21:34:53.023120,EMPTY,EMPTY,30,EMPTY,EMPTY,[46]
181,create_rental,2020-01-01 21:36:16.744050,[92],"[97, 92]",48,EMPTY,EMPTY,EMPTY
182,create_rental,2020-01-01 21:38:22.325445,[93],"[99, 132]",76,EMPTY,EMPTY,EMPTY
183,pay_invoice,2020-01-01 21:39:04.185910,EMPTY,EMPTY,14,EMPTY,EMPTY,[69]
184,create_rental,2020-01-01 21:49:32.092885,[94],"[42, 111]",73,EMPTY,EMPTY,EMPTY
185,create_rental,2020-01-01 21:54:25.116140,[95],"[57, 126]",55,EMPTY,EMPTY,EMPTY
186,create_invoice,2020-01-01 21:55:06.976605,[94],EMPTY,EMPTY,10,EMPTY,[73]
187,confirm_invoice,2020-01-01 21:56:30.697535,EMPTY,EMPTY,EMPTY,16,EMPTY,[46]
188,create_invoice,2020-01-01 21:57:12.558000,[82],EMPTY,EMPTY,18,EMPTY,[74]
189,create_invoice,2020-01-01 21:57:54.418465,"[90, 91]",EMPTY,EMPTY,2,EMPTY,"[75, 76]"
190,create_invoice,2020-01-01 21:59:18.139395,"[69, 70, 75, 44, 49, 50, 53, 54, 85, 88, 89]",EMPTY,EMPTY,20,EMPTY,"[77, 78, 79, 80, 81, 82, 83, 84, 85, 86, 87]"
191,create_rental,2020-01-01 22:02:47.441720,[96],[144],21,EMPTY,EMPTY,EMPTY
192,pay_invoice,2020-01-01 22:03:29.302185,EMPTY,EMPTY,65,EMPTY,EMPTY,"[49, 51]"
193,pay_invoice,2020-01-01 22:11:09.767300,EMPTY,EMPTY,5,EMPTY,EMPTY,[82]
194,create_rental,2020-01-01 22:13:57.209160,[97],[18],34,EMPTY,EMPTY,EMPTY
195,pay_invoice,2020-01-01 22:16:44.651020,EMPTY,EMPTY,54,EMPTY,EMPTY,[80]
196,pay_invoice,2020-01-01 22:20:13.953345,EMPTY,EMPTY,77,EMPTY,EMPTY,[67]
197,pay_invoice,2020-01-01 22:29:59.999855,EMPTY,EMPTY,32,EMPTY,EMPTY,"[33, 36, 57]"
198,pay_invoice,2020-01-01 22:30:41.860320,EMPTY,EMPTY,68,EMPTY,EMPTY,"[79, 81, 85]"
199,return_inventory,2020-01-01 22:36:16.744040,[0],[179],56,11,EMPTY,EMPTY
200,pay_invoice,2020-01-01 22:39:04.185900,EMPTY,EMPTY,61,EMPTY,EMPTY,"[9, 77, 83]"
201,pay_invoice,2020-01-01 22:41:09.767295,EMPTY,EMPTY,2,EMPTY,EMPTY,[45]
202,return_inventory,2020-01-01 22:41:51.627760,[1],[191],19,20,EMPTY,EMPTY
203,pay_invoice,2020-01-01 22:44:39.069620,EMPTY,EMPTY,25,EMPTY,EMPTY,[74]
204,return_inventory,2020-01-01 22:48:08.371945,[13],[140],31,15,EMPTY,EMPTY
205,pay_invoice,2020-01-01 22:53:01.395200,EMPTY,EMPTY,33,EMPTY,EMPTY,[84]
206,pay_invoice,2020-01-01 22:53:43.255665,EMPTY,EMPTY,35,EMPTY,EMPTY,[72]
207,pay_invoice,2020-01-01 22:54:25.116130,EMPTY,EMPTY,67,EMPTY,EMPTY,"[53, 58]"
208,confirm_rental,2020-01-01 22:55:48.837060,"[6, 7, 25, 35]",EMPTY,EMPTY,13,EMPTY,EMPTY
209,confirm_invoice,2020-01-01 22:56:30.697525,EMPTY,EMPTY,EMPTY,16,EMPTY,"[45, 49, 51]"
210,inspect_inventories,2020-01-01 22:57:12.557990,[1],[191],EMPTY,20,[5],EMPTY
211,create_invoice,2020-01-01 22:58:36.278920,[96],EMPTY,EMPTY,14,EMPTY,[88]
212,create_rental,2020-01-01 22:59:59.999850,[98],[166],29,EMPTY,EMPTY,EMPTY
213,pay_invoice,2020-01-01 23:00:41.860315,EMPTY,EMPTY,40,EMPTY,EMPTY,[87]
214,pay_invoice,2020-01-01 23:21:37.674265,EMPTY,EMPTY,31,EMPTY,EMPTY,[60]
215,create_rental,2020-01-01 23:24:25.116125,[99],[191],68,EMPTY,EMPTY,EMPTY
216,create_rental,2020-01-01 23:27:12.557985,[100],[162],16,EMPTY,EMPTY,EMPTY
217,pay_invoice,2020-01-01 23:36:58.604495,EMPTY,EMPTY,19,EMPTY,EMPTY,[78]
218,lend_inventory,2020-01-01 23:39:04.185890,[35],"[115, 197]",4,13,EMPTY,EMPTY
219,create_rental,2020-01-01 23:40:27.906820,[101],"[81, 23]",6,EMPTY,EMPTY,EMPTY
220,pay_invoice,2020-01-01 23:41:09.767285,EMPTY,EMPTY,49,EMPTY,EMPTY,[68]
221,cancel_inventory,2020-01-01 23:41:51.627750,[7],[113],39,EMPTY,EMPTY,EMPTY
222,pay_invoice,2020-01-01 23:46:44.651005,EMPTY,EMPTY,73,EMPTY,EMPTY,[73]
223,lend_inventory,2020-01-01 23:50:13.953330,[25],"[200, 171]",18,13,EMPTY,EMPTY
224,pay_invoice,2020-01-01 23:50:55.813795,EMPTY,EMPTY,21,EMPTY,EMPTY,[88]
225,confirm_rental,2020-01-01 23:55:06.976585,"[4, 8, 36, 42, 61, 63]",EMPTY,EMPTY,16,EMPTY,EMPTY
226,confirm_invoice,2020-01-01 23:55:48.837050,EMPTY,EMPTY,EMPTY,13,EMPTY,"[32, 33, 36, 53, 55, 56, 57, 58, 59, 74]"
227,inspect_inventories,2020-01-01 23:57:54.418445,"[12, 13, 14]","[128, 33, 152, 38, 140]",EMPTY,3,"[0, 1, 2, 3, 6]",EMPTY
228,create_invoice,2020-01-01 23:57:55.418445,"[12, 14]",EMPTY,EMPTY,10,EMPTY,"[89, 90]"
229,return_inventory,2020-01-02 00:01:23.720770,[2],"[157, 46]",45,3,EMPTY,EMPTY
230,create_rental,2020-01-02 00:03:29.302165,[102],[113],39,EMPTY,EMPTY,EMPTY
231,lend_inventory,2020-01-02 00:04:11.162630,"[42, 63]","[19, 100, 39, 71]",65,16,EMPTY,EMPTY
232,cancel_inventory,2020-01-02 00:13:57.209140,[4],[120],2,EMPTY,EMPTY,EMPTY
233,create_rental,2020-01-02 00:22:19.534720,[103],[32],56,EMPTY,EMPTY,EMPTY
234,create_rental,2020-01-02 00:24:25.116115,[104],"[10, 43]",62,EMPTY,EMPTY,EMPTY
235,lend_inventory,2020-01-02 00:25:48.837045,[8],"[1, 124]",30,16,EMPTY,EMPTY
236,create_rental,2020-01-02 00:34:53.023090,[105],"[74, 119]",63,EMPTY,EMPTY,EMPTY
237,create_rental,2020-01-02 00:36:58.604485,[106],[150],23,EMPTY,EMPTY,EMPTY
238,cancel_inventory,2020-01-02 00:39:46.046345,[6],[13],32,EMPTY,EMPTY,EMPTY
239,create_rental,2020-01-02 00:45:20.930065,[107],"[148, 141]",59,EMPTY,EMPTY,EMPTY
240,pay_invoice,2020-01-02 00:48:50.232390,EMPTY,EMPTY,44,EMPTY,EMPTY,[52]
241,create_invoice,2020-01-02 00:55:06.976575,[102],EMPTY,EMPTY,4,EMPTY,[91]
242,confirm_rental,2020-01-02 00:55:48.837040,[48],EMPTY,EMPTY,15,EMPTY,EMPTY
243,confirm_rental,2020-01-02 00:58:36.278900,"[10, 11, 22, 23, 24, 27, 39]",EMPTY,EMPTY,2,EMPTY,EMPTY
244,create_invoice,2020-01-02 00:59:18.139365,"[105, 103]",EMPTY,EMPTY,11,EMPTY,"[92, 93]"
245,lend_inventory,2020-01-02 01:00:41.860295,[11],"[181, 167]",15,6,EMPTY,EMPTY
246,lend_inventory,2020-01-02 01:02:47.441690,[4],[164],2,16,EMPTY,EMPTY
247,create_rental,2020-01-02 01:03:29.302155,[108],"[112, 120]",23,EMPTY,EMPTY,EMPTY
248,cancel_inventory,2020-01-02 01:05:34.883550,[24],[195],22,EMPTY,EMPTY,EMPTY
249,create_rental,2020-01-02 01:06:16.744015,[109],"[16, 38]",3,EMPTY,EMPTY,EMPTY
250,create_rental,2020-01-02 01:06:58.604480,[110],"[128, 122]",38,EMPTY,EMPTY,EMPTY
251,create_rental,2020-01-02 01:09:46.046340,[111],"[129, 195]",50,EMPTY,EMPTY,EMPTY
252,lend_inventory,2020-01-02 01:10:27.906805,[10],"[134, 6]",1,2,EMPTY,EMPTY
253,create_rental,2020-01-02 01:11:09.767270,[112],"[140, 116]",24,EMPTY,EMPTY,EMPTY
254,pay_invoice,2020-01-02 01:11:51.627735,EMPTY,EMPTY,51,EMPTY,EMPTY,[48]
255,lend_inventory,2020-01-02 01:13:57.209130,[7],[156],39,13,EMPTY,EMPTY
256,create_rental,2020-01-02 01:15:20.930060,[113],"[152, 17]",10,EMPTY,EMPTY,EMPTY
257,return_inventory,2020-01-02 01:16:44.650990,[35],"[115, 197]",4,4,EMPTY,EMPTY
258,create_rental,2020-01-02 01:17:26.511455,[114],[31],9,EMPTY,EMPTY,EMPTY
259,create_rental,2020-01-02 01:18:08.371920,[115],"[168, 33]",31,EMPTY,EMPTY,EMPTY
260,create_rental,2020-01-02 01:23:01.395175,[116],[94],27,EMPTY,EMPTY,EMPTY
261,lend_inventory,2020-01-02 01:35:34.883545,[61],"[37, 70]",37,16,EMPTY,EMPTY
262,create_rental,2020-01-02 01:36:58.604475,[117],[159],62,EMPTY,EMPTY,EMPTY
263,cancel_inventory,2020-01-02 01:39:46.046335,[6],[69],32,EMPTY,EMPTY,EMPTY
264,pay_invoice,2020-01-02 01:40:27.906800,EMPTY,EMPTY,48,EMPTY,EMPTY,"[40, 42]"
265,return_inventory,2020-01-02 01:48:08.371915,"[42, 63]","[19, 71]",65,16,EMPTY,EMPTY
266,create_rental,2020-01-02 01:51:37.674240,[118],"[104, 53]",59,EMPTY,EMPTY,EMPTY
267,lend_inventory,2020-01-02 01:53:43.255635,[23],"[133, 182]",43,5,EMPTY,EMPTY
268,return_inventory,2020-01-02 01:54:25.116100,[1],[107],19,20,EMPTY,EMPTY
269,confirm_rental,2020-01-02 01:55:06.976565,[30],EMPTY,EMPTY,17,EMPTY,EMPTY
270,confirm_invoice,2020-01-02 01:55:48.837030,EMPTY,EMPTY,EMPTY,20,EMPTY,"[9, 28, 29, 30, 77, 78, 79, 80, 81, 82, 83, 84, 85, 87]"
271,create_invoice,2020-01-02 01:56:30.697495,"[107, 109, 110, 112, 113, 115, 118]",EMPTY,EMPTY,3,EMPTY,"[94, 95, 96, 97, 98, 99, 100]"
272,create_invoice,2020-01-02 01:58:36.278890,"[98, 111]",EMPTY,EMPTY,1,EMPTY,"[101, 102]"
273,confirm_invoice,2020-01-02 01:59:18.139355,EMPTY,EMPTY,EMPTY,16,EMPTY,"[48, 52]"
274,lend_inventory,2020-01-02 02:02:05.581215,[27],"[160, 188]",8,5,EMPTY,EMPTY
275,create_rental,2020-01-02 02:06:58.604470,[119],[13],67,EMPTY,EMPTY,EMPTY
276,return_inventory,2020-01-02 02:11:09.767260,[10],[134],1,5,EMPTY,EMPTY
277,pay_invoice,2020-01-02 02:11:51.627725,EMPTY,EMPTY,39,EMPTY,EMPTY,[91]
278,cancel_inventory,2020-01-02 02:15:20.930050,[36],[79],23,EMPTY,EMPTY,EMPTY
279,pay_invoice,2020-01-02 02:16:02.790515,EMPTY,EMPTY,24,EMPTY,EMPTY,[97]
280,lend_inventory,2020-01-02 02:23:01.395165,[24],[110],22,5,EMPTY,EMPTY
281,pay_invoice,2020-01-02 02:25:06.976560,EMPTY,EMPTY,52,EMPTY,EMPTY,[90]
282,pay_invoice,2020-01-02 02:39:04.185860,EMPTY,EMPTY,78,EMPTY,EMPTY,[76]
283,pay_invoice,2020-01-02 02:50:55.813765,EMPTY,EMPTY,59,EMPTY,EMPTY,"[94, 100]"
284,cancel_inventory,2020-01-02 02:53:43.255625,[22],[170],71,EMPTY,EMPTY,EMPTY
285,lend_inventory,2020-01-02 02:54:25.116090,[30],[172],49,14,EMPTY,EMPTY
286,create_invoice,2020-01-02 02:55:06.976555,[99],EMPTY,EMPTY,20,EMPTY,[103]
287,confirm_invoice,2020-01-02 02:55:48.837020,EMPTY,EMPTY,EMPTY,15,EMPTY,"[60, 73, 90, 94, 97, 100]"
288,confirm_rental,2020-01-02 02:57:12.557950,"[26, 31, 43, 47, 58, 64, 66, 68, 76, 82]",EMPTY,EMPTY,18,EMPTY,EMPTY
289,inspect_inventories,2020-01-02 02:57:54.418415,[10],[134],EMPTY,1,[14],EMPTY
290,confirm_invoice,2020-01-02 02:58:36.278880,EMPTY,EMPTY,EMPTY,9,EMPTY,"[11, 12, 13, 14, 40, 41, 42, 43, 44]"
291,inspect_inventories,2020-01-02 02:59:18.139345,"[42, 63]","[19, 71]",EMPTY,16,"[11, 12]",EMPTY
292,create_invoice,2020-01-02 02:59:19.139345,[63],EMPTY,EMPTY,16,EMPTY,[104]
293,return_inventory,2020-01-02 03:04:11.162600,[18],[173],77,14,EMPTY,EMPTY
294,return_inventory,2020-01-02 03:05:34.883530,"[42, 63]","[100, 39]",65,16,EMPTY,EMPTY
295,cancel_inventory,2020-01-02 03:06:58.604460,[39],[20],64,EMPTY,EMPTY,EMPTY
296,create_rental,2020-01-02 03:09:04.185855,[120],[69],25,EMPTY,EMPTY,EMPTY
297,pay_invoice,2020-01-02 03:18:50.232365,EMPTY,EMPTY,3,EMPTY,EMPTY,[95]
298,return_inventory,2020-01-02 03:21:37.674225,[27],[188],8,5,EMPTY,EMPTY
299,lend_inventory,2020-01-02 03:22:19.534690,[36],[158],23,16,EMPTY,EMPTY
300,pay_invoice,2020-01-02 03:30:41.860270,EMPTY,EMPTY,63,EMPTY,EMPTY,[93]
301,return_inventory,2020-01-02 03:32:05.581200,[24],[110],22,6,EMPTY,EMPTY
302,lend_inventory,2020-01-02 03:32:47.441665,[22],[24],71,6,EMPTY,EMPTY
303,return_inventory,2020-01-02 03:34:11.162595,[10],[6],1,1,EMPTY,EMPTY
304,pay_invoice,2020-01-02 03:34:53.023060,EMPTY,EMPTY,56,EMPTY,EMPTY,"[63, 71, 92]"
305,return_inventory,2020-01-02 03:36:58.604455,[61],[70],37,16,EMPTY,EMPTY
306,lend_inventory,2020-01-02 03:37:40.464920,"[66, 43, 31]","[50, 35, 83, 93, 27, 86]",32,4,EMPTY,EMPTY
307,create_rental,2020-01-02 03:39:46.046315,[121],[20],36,EMPTY,EMPTY,EMPTY
308,create_rental,2020-01-02 03:46:44.650965,[122],"[170, 134]",15,EMPTY,EMPTY,EMPTY
309,pay_invoice,2020-01-02 03:47:26.511430,EMPTY,EMPTY,75,EMPTY,EMPTY,[86]
310,pay_invoice,2020-01-02 03:49:32.092825,EMPTY,EMPTY,17,EMPTY,EMPTY,"[61, 62]"
311,return_inventory,2020-01-02 03:52:19.534685,[23],[182],43,1,EMPTY,EMPTY
312,confirm_invoice,2020-01-02 03:55:06.976545,EMPTY,EMPTY,EMPTY,19,EMPTY,"[61, 62, 95]"
313,inspect_inventories,2020-01-02 03:55:48.837010,[1],[107],EMPTY,20,[13],EMPTY
314,confirm_rental,2020-01-02 03:57:12.557940,"[41, 67]",EMPTY,EMPTY,16,EMPTY,EMPTY
315,confirm_invoice,2020-01-02 03:57:54.418405,EMPTY,EMPTY,EMPTY,18,EMPTY,[91]
316,confirm_invoice,2020-01-02 03:58:36.278870,EMPTY,EMPTY,EMPTY,6,EMPTY,"[26, 38, 39, 76]"
317,return_inventory,2020-01-02 04:01:23.720730,[8],[1],30,16,EMPTY,EMPTY
318,pay_invoice,2020-01-02 04:03:29.302125,EMPTY,EMPTY,31,EMPTY,EMPTY,[99]
319,lend_inventory,2020-01-02 04:05:34.883520,[39],[30],64,6,EMPTY,EMPTY
320,return_inventory,2020-01-02 04:08:22.325380,[61],[37],37,16,EMPTY,EMPTY
321,cancel_inventory,2020-01-02 04:11:51.627705,[76],[143],60,EMPTY,EMPTY,EMPTY
322,lend_inventory,2020-01-02 04:12:33.488170,[26],"[96, 28]",74,4,EMPTY,EMPTY
323,create_rental,2020-01-02 04:17:26.511425,[123],[107],54,EMPTY,EMPTY,EMPTY
324,pay_invoice,2020-01-02 04:19:32.092820,EMPTY,EMPTY,28,EMPTY,EMPTY,"[65, 70]"
325,return_inventory,2020-01-02 04:24:25.116075,[30],[172],49,11,EMPTY,EMPTY
326,cancel_inventory,2020-01-02 04:25:48.837005,[58],[87],18,EMPTY,EMPTY,EMPTY
327,lend_inventory,2020-01-02 04:36:58.604445,"[68, 47]","[2, 51, 184, 4]",67,4,EMPTY,EMPTY
328,create_rental,2020-01-02 04:37:40.464910,[124],"[19, 71]",9,EMPTY,EMPTY,EMPTY
329,return_inventory,2020-01-02 04:38:22.325375,[19],[138],19,20,EMPTY,EMPTY
330,pay_invoice,2020-01-02 04:39:04.185840,EMPTY,EMPTY,50,EMPTY,EMPTY,[102]
331,pay_invoice,2020-01-02 04:46:44.650955,EMPTY,EMPTY,38,EMPTY,EMPTY,"[89, 96]"
332,return_inventory,2020-01-02 04:48:08.371885,"[66, 43]","[83, 93, 27, 86]",32,4,EMPTY,EMPTY
333,lend_inventory,2020-01-02 04:50:13.953280,[41],"[40, 192]",51,16,EMPTY,EMPTY
334,cancel_inventory,2020-01-02 04:50:55.813745,[82],[59],25,EMPTY,EMPTY,EMPTY
335,pay_invoice,2020-01-02 04:54:25.116070,EMPTY,EMPTY,15,EMPTY,EMPTY,[75]
336,confirm_invoice,2020-01-02 04:55:06.976535,EMPTY,EMPTY,EMPTY,14,EMPTY,"[63, 64, 65, 66, 67, 68, 69, 70, 71, 72, 88, 92, 93]"
337,create_invoice,2020-01-02 04:56:30.697465,"[120, 119]",EMPTY,EMPTY,18,EMPTY,"[105, 106]"
338,confirm_rental,2020-01-02 04:58:36.278860,"[37, 46, 57, 91]",EMPTY,EMPTY,1,EMPTY,EMPTY
339,create_invoice,2020-01-02 04:59:18.139325,[123],EMPTY,EMPTY,20,EMPTY,[107]
340,return_inventory,2020-01-02 05:04:53.023045,[27],[160],8,5,EMPTY,EMPTY
341,lend_inventory,2020-01-02 05:04:53.023045,"[57, 46]","[154, 54, 153, 82]",8,2,EMPTY,EMPTY
342,lend_inventory,2020-01-02 05:14:39.069555,[37],"[60, 22]",71,6,EMPTY,EMPTY
343,cancel_inventory,2020-01-02 05:18:08.371880,[76],[25],60,EMPTY,EMPTY,EMPTY
344,cancel_inventory,2020-01-02 05:20:55.813740,[67],[78],44,EMPTY,EMPTY,EMPTY
345,pay_invoice,2020-01-02 05:22:19.534670,EMPTY,EMPTY,4,EMPTY,EMPTY,[54]
346,return_inventory,2020-01-02 05:30:41.860250,"[68, 47]","[2, 51, 184, 4]",67,18,EMPTY,EMPTY
347,lend_inventory,2020-01-02 05:34:11.162575,[48],"[176, 3]",59,3,EMPTY,EMPTY
348,create_rental,2020-01-02 05:43:15.348620,[125],"[59, 87]",25,EMPTY,EMPTY,EMPTY
349,return_inventory,2020-01-02 05:50:13.953270,[31],[35],32,4,EMPTY,EMPTY
350,create_invoice,2020-01-02 05:55:06.976525,"[100, 106, 108, 77, 114, 86, 87, 124]",EMPTY,EMPTY,16,EMPTY,"[108, 109, 110, 111, 112, 113, 114, 115]"
351,inspect_inventories,2020-01-02 05:55:48.836990,[19],[138],EMPTY,20,[26],EMPTY
352,create_invoice,2020-01-02 05:55:49.836990,[19],EMPTY,EMPTY,20,EMPTY,[116]
353,create_invoice,2020-01-02 05:56:30.697455,"[97, 101, 71, 104, 74, 116, 117, 92, 93, 95]",EMPTY,EMPTY,7,EMPTY,"[117, 118, 119, 120, 121, 122, 123, 124, 125, 126]"
354,confirm_invoice,2020-01-02 05:57:12.557920,EMPTY,EMPTY,EMPTY,18,EMPTY,[54]
355,confirm_invoice,2020-01-02 05:58:36.278850,EMPTY,EMPTY,EMPTY,2,EMPTY,"[75, 102]"
356,inspect_inventories,2020-01-02 05:59:18.139315,[2],"[157, 46]",EMPTY,19,"[7, 8]",EMPTY
357,create_invoice,2020-01-02 05:59:19.139315,[2],EMPTY,EMPTY,19,EMPTY,[127]
358,return_inventory,2020-01-02 05:59:59.999780,[26],[28],74,4,EMPTY,EMPTY
359,create_rental,2020-01-02 06:02:05.581175,[126],[138],26,EMPTY,EMPTY,EMPTY
360,return_inventory,2020-01-02 06:06:16.743965,[20],"[105, 102]",45,12,EMPTY,EMPTY
361,return_inventory,2020-01-02 06:17:26.511405,[29],[109],35,11,EMPTY,EMPTY
362,return_inventory,2020-01-02 06:18:08.371870,[4],[164],2,16,EMPTY,EMPTY
363,pay_invoice,2020-01-02 06:19:32.092800,EMPTY,EMPTY,9,EMPTY,EMPTY,"[114, 115]"
364,create_rental,2020-01-02 06:22:19.534660,[127],"[157, 46]",52,EMPTY,EMPTY,EMPTY
365,pay_invoice,2020-01-02 06:27:12.557915,EMPTY,EMPTY,76,EMPTY,EMPTY,[120]
366,return_inventory,2020-01-02 06:31:23.720705,[36],[158],23,16,EMPTY,EMPTY
367,return_inventory,2020-01-02 06:35:34.883495,[31],[50],32,13,EMPTY,EMPTY
368,pay_invoice,2020-01-02 06:36:16.743960,EMPTY,EMPTY,65,EMPTY,EMPTY,"[104, 110]"
369,return_inventory,2020-01-02 06:42:33.488145,[8],[124],30,16,EMPTY,EMPTY
370,create_rental,2020-01-02 06:45:20.930005,[128],"[78, 79]",51,EMPTY,EMPTY,EMPTY
371,lend_inventory,2020-01-02 06:46:44.650935,[91],[7],78,1,EMPTY,EMPTY
372,create_rental,2020-01-02 06:48:08.371865,[129],"[25, 143]",25,EMPTY,EMPTY,EMPTY
373,cancel_inventory,2020-01-02 06:52:19.534655,[58],[11],18,EMPTY,EMPTY,EMPTY
374,pay_invoice,2020-01-02 06:53:01.395120,EMPTY,EMPTY,58,EMPTY,EMPTY,[109]
375,confirm_invoice,2020-01-02 06:55:06.976515,EMPTY,EMPTY,EMPTY,16,EMPTY,"[104, 109, 110, 114, 115]"
376,inspect_inventories,2020-01-02 06:55:48.836980,"[0, 18, 29, 30]","[179, 173, 172, 109]",EMPTY,14,"[4, 15, 25, 40]",EMPTY
377,create_invoice,2020-01-02 06:55:49.836980,"[18, 29]",EMPTY,EMPTY,14,EMPTY,"[128, 129]"
378,create_invoice,2020-01-02 06:56:30.697445,[126],EMPTY,EMPTY,20,EMPTY,[130]
379,confirm_rental,2020-01-02 06:57:12.557910,"[52, 102]",EMPTY,EMPTY,18,EMPTY,EMPTY
380,confirm_rental,2020-01-02 06:57:54.418375,"[9, 15, 16, 17, 32, 40, 55, 60, 62]",EMPTY,EMPTY,7,EMPTY,EMPTY
381,inspect_inventories,2020-01-02 06:58:36.278840,[20],"[105, 102]",EMPTY,12,"[38, 39]",EMPTY
382,confirm_rental,2020-01-02 06:59:18.139305,"[90, 111]",EMPTY,EMPTY,6,EMPTY,EMPTY
383,create_rental,2020-01-02 07:02:05.581165,[130],"[105, 102]",31,EMPTY,EMPTY,EMPTY
384,cancel_inventory,2020-01-02 07:10:27.906745,[52],[36],4,EMPTY,EMPTY,EMPTY
385,create_rental,2020-01-02 07:14:39.069535,[131],"[11, 36]",46,EMPTY,EMPTY,EMPTY
386,cancel_inventory,2020-01-02 07:18:50.232325,[64],[75],18,EMPTY,EMPTY,EMPTY
387,lend_inventory,2020-01-02 07:19:32.092790,"[32, 9, 55]","[130, 90, 68]",48,9,EMPTY,EMPTY
388,return_inventory,2020-01-02 07:20:13.953255,[23],[133],43,6,EMPTY,EMPTY
389,cancel_inventory,2020-01-02 07:21:37.674185,[15],[26],13,EMPTY,EMPTY,EMPTY
390,pay_invoice,2020-01-02 07:25:06.976510,EMPTY,EMPTY,35,EMPTY,EMPTY,[129]
391,cancel_inventory,2020-01-02 07:27:12.557905,[40],[44],76,EMPTY,EMPTY,EMPTY
392,pay_invoice,2020-01-02 07:28:36.278835,EMPTY,EMPTY,68,EMPTY,EMPTY,[103]
393,create_rental,2020-01-02 07:32:05.581160,[132],[75],32,EMPTY,EMPTY,EMPTY
394,pay_invoice,2020-01-02 07:34:11.162555,EMPTY,EMPTY,27,EMPTY,EMPTY,[125]
395,lend_inventory,2020-01-02 07:42:33.488135,[67],[190],44,16,EMPTY,EMPTY
396,pay_invoice,2020-01-02 07:43:15.348600,EMPTY,EMPTY,62,EMPTY,EMPTY,"[124, 126]"
397,cancel_inventory,2020-01-02 07:46:44.650925,[90],[142],15,EMPTY,EMPTY,EMPTY
398,lend_inventory,2020-01-02 07:48:50.232320,[16],[21],41,8,EMPTY,EMPTY
399,cancel_inventory,2020-01-02 07:49:32.092785,[60],[73],34,EMPTY,EMPTY,EMPTY
400,return_inventory,2020-01-02 07:50:55.813715,[37],"[60, 22]",71,1,EMPTY,EMPTY
401,pay_invoice,2020-01-02 07:51:37.674180,EMPTY,EMPTY,29,EMPTY,EMPTY,[101]
402,pay_invoice,2020-01-02 07:53:01.395110,EMPTY,EMPTY,6,EMPTY,EMPTY,"[118, 123]"
403,create_invoice,2020-01-02 07:56:30.697435,[128],EMPTY,EMPTY,16,EMPTY,[131]
404,inspect_inventories,2020-01-02 07:58:36.278830,"[37, 10, 23, 24, 27]","[188, 110, 6, 182, 160, 133, 60, 22]",EMPTY,1,"[18, 19, 20, 22, 31, 45, 46, 47]",EMPTY
405,create_invoice,2020-01-02 07:58:37.278830,"[10, 37, 23]",EMPTY,EMPTY,5,EMPTY,"[132, 133, 134]"
406,create_invoice,2020-01-02 07:59:18.139295,"[130, 127]",EMPTY,EMPTY,3,EMPTY,"[135, 136]"
407,pay_invoice,2020-01-02 08:00:41.860225,EMPTY,EMPTY,54,EMPTY,EMPTY,[107]
408,cancel_inventory,2020-01-02 08:01:23.720690,[102],[113],39,EMPTY,EMPTY,EMPTY
409,return_inventory,2020-01-02 08:04:11.162550,[67],[190],44,16,EMPTY,EMPTY
410,return_inventory,2020-01-02 08:04:53.023015,[25],[171],18,13,EMPTY,EMPTY
411,pay_invoice,2020-01-02 08:13:57.209060,EMPTY,EMPTY,45,EMPTY,EMPTY,[127]
412,cancel_inventory,2020-01-02 08:19:32.092780,[111],[195],50,EMPTY,EMPTY,EMPTY
413,lend_inventory,2020-01-02 08:32:05.581150,[40],[139],76,9,EMPTY,EMPTY
414,pay_invoice,2020-01-02 08:32:47.441615,EMPTY,EMPTY,51,EMPTY,EMPTY,[131]
415,pay_invoice,2020-01-02 08:34:53.023010,EMPTY,EMPTY,55,EMPTY,EMPTY,[121]
416,cancel_inventory,2020-01-02 08:36:58.604405,[60],[55],34,EMPTY,EMPTY,EMPTY
417,cancel_inventory,2020-01-02 08:44:39.069520,[52],[29],4,EMPTY,EMPTY,EMPTY
418,pay_invoice,2020-01-02 08:45:20.929985,EMPTY,EMPTY,77,EMPTY,EMPTY,[128]
419,lend_inventory,2020-01-02 08:50:55.813705,"[62, 15]","[118, 80, 15]",13,7,EMPTY,EMPTY
420,create_invoice,2020-01-02 08:57:54.418355,"[129, 131, 132, 125]",EMPTY,EMPTY,4,EMPTY,"[137, 138, 139, 140]"
421,pay_invoice,2020-01-02 09:03:29.302075,EMPTY,EMPTY,1,EMPTY,EMPTY,[132]
422,pay_invoice,2020-01-02 09:05:34.883470,EMPTY,EMPTY,16,EMPTY,EMPTY,[111]
423,return_inventory,2020-01-02 09:09:04.185795,[48],[3],59,19,EMPTY,EMPTY
424,pay_invoice,2020-01-02 09:21:37.674165,EMPTY,EMPTY,23,EMPTY,EMPTY,"[112, 113]"
425,pay_invoice,2020-01-02 09:22:19.534630,EMPTY,EMPTY,52,EMPTY,EMPTY,[135]
426,return_inventory,2020-01-02 09:30:41.860210,[39],[30],64,6,EMPTY,EMPTY
427,lend_inventory,2020-01-02 09:33:29.302070,[111],[129],50,5,EMPTY,EMPTY
428,lend_inventory,2020-01-02 09:34:11.162535,[17],"[147, 175]",69,9,EMPTY,EMPTY
429,pay_invoice,2020-01-02 09:34:53.023000,EMPTY,EMPTY,34,EMPTY,EMPTY,[122]
430,return_inventory,2020-01-02 09:39:04.185790,[26],[96],74,4,EMPTY,EMPTY
431,pay_invoice,2020-01-02 09:46:44.650905,EMPTY,EMPTY,48,EMPTY,EMPTY,[119]
432,return_inventory,2020-01-02 09:49:32.092765,[41],"[40, 192]",51,16,EMPTY,EMPTY
433,return_inventory,2020-01-02 09:50:55.813695,[11],"[181, 167]",15,2,EMPTY,EMPTY
434,lend_inventory,2020-01-02 09:50:55.813695,[90],[194],15,1,EMPTY,EMPTY
435,inspect_inventories,2020-01-02 09:55:06.976485,"[66, 35, 68, 43, 47, 25, 26, 31]","[115, 197, 83, 93, 27, 86, 2, 51, 184, 4, 35, 28, 50, 171, 96]",EMPTY,18,"[9, 10, 27, 28, 29, 30, 32, 33, 34, 35, 36, 37, 43, 49, 52]",EMPTY
436,create_invoice,2020-01-02 09:55:07.976485,"[66, 35, 68, 43, 25, 26, 31]",EMPTY,EMPTY,18,EMPTY,"[141, 142, 143, 144, 145, 146, 147]"
437,confirm_invoice,2020-01-02 09:56:30.697415,EMPTY,EMPTY,EMPTY,16,EMPTY,"[111, 112, 113, 131]"
438,confirm_invoice,2020-01-02 09:58:36.278810,EMPTY,EMPTY,EMPTY,11,EMPTY,"[128, 129]"
439,return_inventory,2020-01-02 10:03:29.302065,[40],[139],76,7,EMPTY,EMPTY
440,return_inventory,2020-01-02 10:20:13.953225,[57],[153],8,5,EMPTY,EMPTY
441,pay_invoice,2020-01-02 10:23:01.395085,EMPTY,EMPTY,46,EMPTY,EMPTY,"[34, 139]"
442,return_inventory,2020-01-02 10:32:47.441595,[111],[129],50,6,EMPTY,EMPTY
443,pay_invoice,2020-01-02 10:42:33.488105,EMPTY,EMPTY,25,EMPTY,EMPTY,"[106, 137, 138]"
444,pay_invoice,2020-01-02 10:43:15.348570,EMPTY,EMPTY,74,EMPTY,EMPTY,[142]
445,pay_invoice,2020-01-02 10:48:08.371825,EMPTY,EMPTY,10,EMPTY,EMPTY,[98]
446,return_inventory,2020-01-02 10:51:37.674150,[0],[64],56,11,EMPTY,EMPTY
447,inspect_inventories,2020-01-02 10:55:06.976475,"[57, 11, 111, 39]","[30, 181, 167, 153, 129]",EMPTY,6,"[51, 55, 56, 58, 59]",EMPTY
448,create_invoice,2020-01-02 10:55:07.976475,[39],EMPTY,EMPTY,1,EMPTY,[148]
449,confirm_rental,2020-01-02 10:55:48.836940,"[59, 73, 83, 94, 107, 109, 112, 118]",EMPTY,EMPTY,12,EMPTY,EMPTY
450,return_inventory,2020-01-02 11:09:46.046240,[46],[54],8,1,EMPTY,EMPTY
451,pay_invoice,2020-01-02 11:13:57.209030,EMPTY,EMPTY,32,EMPTY,EMPTY,"[140, 143, 145, 146]"
452,lend_inventory,2020-01-02 11:17:26.511355,[109],"[16, 38]",3,3,EMPTY,EMPTY
453,lend_inventory,2020-01-02 11:18:50.232285,[112],"[140, 116]",24,10,EMPTY,EMPTY
454,cancel_inventory,2020-01-02 11:22:19.534610,[83],[180],17,EMPTY,EMPTY,EMPTY
455,return_inventory,2020-01-02 11:25:06.976470,[22],[24],71,2,EMPTY,EMPTY
456,return_inventory,2020-01-02 11:32:47.441585,[90],[194],15,5,EMPTY,EMPTY
457,return_inventory,2020-01-02 11:41:09.767165,[18],[48],77,11,EMPTY,EMPTY
458,cancel_inventory,2020-01-02 11:49:32.092745,[59],[137],31,EMPTY,EMPTY,EMPTY
459,return_inventory,2020-01-02 11:54:25.116000,"[32, 9, 55]","[130, 90, 68]",48,7,EMPTY,EMPTY
460,confirm_rental,2020-01-02 11:55:06.976465,"[86, 87, 100, 106, 108, 114, 124, 128]",EMPTY,EMPTY,16,EMPTY,EMPTY
461,inspect_inventories,2020-01-02 11:55:48.836930,[48],[3],EMPTY,3,[50],EMPTY
462,create_invoice,2020-01-02 11:55:49.836930,[48],EMPTY,EMPTY,19,EMPTY,[149]
463,inspect_inventories,2020-01-02 11:56:30.697395,"[0, 18]","[64, 48]",EMPTY,14,"[60, 64]",EMPTY
464,pay_invoice,2020-01-02 12:02:47.441580,EMPTY,EMPTY,19,EMPTY,EMPTY,[116]
465,pay_invoice,2020-01-02 12:07:40.464835,EMPTY,EMPTY,26,EMPTY,EMPTY,[130]
466,pay_invoice,2020-01-02 12:09:04.185765,EMPTY,EMPTY,18,EMPTY,EMPTY,[141]
467,lend_inventory,2020-01-02 12:11:51.627625,[94],"[42, 111]",73,12,EMPTY,EMPTY
468,cancel_inventory,2020-01-02 12:16:44.650880,[128],[78],51,EMPTY,EMPTY,EMPTY
469,return_inventory,2020-01-02 12:18:50.232275,[109],[16],3,10,EMPTY,EMPTY
470,return_inventory,2020-01-02 12:19:32.092740,[17],[147],69,7,EMPTY,EMPTY
471,cancel_inventory,2020-01-02 12:20:13.953205,[59],[169],31,EMPTY,EMPTY,EMPTY
472,lend_inventory,2020-01-02 12:22:19.534600,[100],[162],16,16,EMPTY,EMPTY
473,return_inventory,2020-01-02 12:24:25.115995,[48],[176],59,12,EMPTY,EMPTY
474,lend_inventory,2020-01-02 12:24:25.115995,"[107, 118]","[148, 141, 104, 53]",59,12,EMPTY,EMPTY
475,cancel_inventory,2020-01-02 12:27:54.418320,[73],[108],17,EMPTY,EMPTY,EMPTY
476,lend_inventory,2020-01-02 12:30:41.860180,"[106, 108]","[150, 112, 120]",23,16,EMPTY,EMPTY
477,return_inventory,2020-01-02 12:33:29.302040,[91],[7],78,6,EMPTY,EMPTY
478,pay_invoice,2020-01-02 12:39:46.046225,EMPTY,EMPTY,71,EMPTY,EMPTY,[134]
479,return_inventory,2020-01-02 12:41:51.627620,"[62, 15]","[118, 15]",13,9,EMPTY,EMPTY
480,lend_inventory,2020-01-02 12:53:43.255525,[86],"[8, 85]",58,16,EMPTY,EMPTY
481,inspect_inventories,2020-01-02 12:57:12.557850,"[90, 91, 46, 22]","[54, 24, 194, 7]",EMPTY,1,"[61, 62, 63, 71]",EMPTY
482,create_invoice,2020-01-02 12:57:13.557850,"[46, 91, 22]",EMPTY,EMPTY,6,EMPTY,"[150, 151, 152]"
483,inspect_inventories,2020-01-02 12:58:36.278780,"[32, 40, 9, 15, 17, 55, 62]","[139, 130, 90, 68, 147, 118, 15]",EMPTY,7,"[57, 65, 66, 67, 69, 72, 73]",EMPTY
484,create_invoice,2020-01-02 12:58:37.278780,"[40, 17, 62, 15]",EMPTY,EMPTY,8,EMPTY,"[153, 154, 155, 156]"
485,confirm_invoice,2020-01-02 12:59:18.139245,EMPTY,EMPTY,EMPTY,18,EMPTY,"[34, 106, 137, 138, 139, 140, 141, 142, 143, 145, 146]"
486,return_inventory,2020-01-02 13:01:23.720640,[94],[111],73,15,EMPTY,EMPTY
487,pay_invoice,2020-01-02 13:06:58.604360,EMPTY,EMPTY,69,EMPTY,EMPTY,[154]
488,pay_invoice,2020-01-02 13:11:51.627615,EMPTY,EMPTY,13,EMPTY,EMPTY,"[153, 156]"
489,cancel_inventory,2020-01-02 13:12:33.488080,[128],[79],51,EMPTY,EMPTY,EMPTY
490,pay_invoice,2020-01-02 13:23:43.255520,EMPTY,EMPTY,67,EMPTY,EMPTY,"[105, 147]"
491,pay_invoice,2020-01-02 13:25:06.976450,EMPTY,EMPTY,8,EMPTY,EMPTY,[151]
492,return_inventory,2020-01-02 13:31:23.720635,[16],[21],41,8,EMPTY,EMPTY
493,lend_inventory,2020-01-02 13:32:05.581100,"[114, 124]","[31, 19, 71]",9,16,EMPTY,EMPTY
494,pay_invoice,2020-01-02 13:43:57.209005,EMPTY,EMPTY,59,EMPTY,EMPTY,[149]
495,return_inventory,2020-01-02 13:46:02.790400,[25],[200],18,18,EMPTY,EMPTY
496,return_inventory,2020-01-02 13:48:08.371795,[112],"[140, 116]",24,12,EMPTY,EMPTY
497,confirm_invoice,2020-01-02 13:56:30.697375,EMPTY,EMPTY,EMPTY,20,EMPTY,"[86, 103, 107, 116, 130]"
498,inspect_inventories,2020-01-02 13:57:54.418305,[25],[200],EMPTY,4,[76],EMPTY
499,create_invoice,2020-01-02 13:57:55.418305,[25],EMPTY,EMPTY,4,EMPTY,[157]
500,confirm_invoice,2020-01-02 13:59:18.139235,EMPTY,EMPTY,EMPTY,12,EMPTY,"[89, 96, 98, 99, 127, 135, 149]"
501,pay_invoice,2020-01-02 14:08:22.325280,EMPTY,EMPTY,18,EMPTY,EMPTY,[157]
502,return_inventory,2020-01-02 14:11:51.627605,[86],"[8, 85]",58,16,EMPTY,EMPTY
503,lend_inventory,2020-01-02 14:25:06.976440,[87],"[186, 103]",65,16,EMPTY,EMPTY
504,return_inventory,2020-01-02 14:34:53.022950,[7],[156],39,13,EMPTY,EMPTY
505,pay_invoice,2020-01-02 14:42:33.488065,EMPTY,EMPTY,78,EMPTY,EMPTY,[152]
506,return_inventory,2020-01-02 14:45:20.929925,[109],[38],3,10,EMPTY,EMPTY
507,return_inventory,2020-01-02 15:50:13.953170,[108],[120],23,16,EMPTY,EMPTY
508,inspect_inventories,2020-01-02 15:55:48.836890,[7],[156],EMPTY,4,[81],EMPTY
509,create_invoice,2020-01-02 15:56:30.697355,"[121, 122]",EMPTY,EMPTY,2,EMPTY,"[158, 159]"
510,return_inventory,2020-01-02 16:07:40.464795,"[57, 46]","[154, 82]",8,5,EMPTY,EMPTY
511,pay_invoice,2020-01-02 16:18:08.371770,EMPTY,EMPTY,41,EMPTY,EMPTY,[117]
512,pay_invoice,2020-01-02 16:20:55.813630,EMPTY,EMPTY,31,EMPTY,EMPTY,[136]
513,return_inventory,2020-01-02 16:40:27.906650,[94],[42],73,15,EMPTY,EMPTY
514,pay_invoice,2020-01-02 16:41:09.767115,EMPTY,EMPTY,43,EMPTY,EMPTY,[133]
515,pay_invoice,2020-01-02 16:48:08.371765,EMPTY,EMPTY,2,EMPTY,EMPTY,[108]
516,pay_invoice,2020-01-02 16:48:50.232230,EMPTY,EMPTY,76,EMPTY,EMPTY,[155]
517,cancel_inventory,2020-01-02 16:51:37.674090,[83],[61],17,EMPTY,EMPTY,EMPTY
518,return_inventory,2020-01-02 16:53:01.395020,[100],[162],16,16,EMPTY,EMPTY
519,inspect_inventories,2020-01-02 16:55:48.836880,[16],[21],EMPTY,8,[75],EMPTY
520,confirm_invoice,2020-01-02 16:57:12.557810,EMPTY,EMPTY,EMPTY,16,EMPTY,[108]
521,confirm_rental,2020-01-02 16:58:36.278740,"[34, 120, 125, 129, 131, 132]",EMPTY,EMPTY,18,EMPTY,EMPTY
522,confirm_rental,2020-01-02 16:59:18.139205,"[110, 113, 115, 127]",EMPTY,EMPTY,10,EMPTY,EMPTY
523,return_inventory,2020-01-02 17:04:53.022925,[108],[112],23,16,EMPTY,EMPTY
524,lend_inventory,2020-01-02 17:09:04.185715,[115],"[168, 33]",31,19,EMPTY,EMPTY
525,lend_inventory,2020-01-02 17:19:32.092690,[132],[75],32,13,EMPTY,EMPTY
526,cancel_inventory,2020-01-02 17:24:25.115945,[34],[125],46,EMPTY,EMPTY,EMPTY
527,return_inventory,2020-01-02 17:27:54.418270,[124],[71],9,16,EMPTY,EMPTY
528,lend_inventory,2020-01-02 17:29:59.999665,[127],"[157, 46]",52,19,EMPTY,EMPTY
529,lend_inventory,2020-01-02 17:40:27.906640,[73],[185],17,3,EMPTY,EMPTY
530,cancel_inventory,2020-01-02 17:41:09.767105,[129],[143],25,EMPTY,EMPTY,EMPTY
531,confirm_rental,2020-01-02 17:55:06.976405,"[45, 51, 56, 65, 72, 78, 79, 80, 81, 84, 96, 103, 105]",EMPTY,EMPTY,14,EMPTY,EMPTY
532,confirm_invoice,2020-01-02 17:57:54.418265,EMPTY,EMPTY,EMPTY,1,EMPTY,"[101, 132, 133, 134, 151, 152]"
533,confirm_invoice,2020-01-02 17:58:36.278730,EMPTY,EMPTY,EMPTY,8,EMPTY,"[117, 118, 119, 120, 121, 122, 123, 124, 125, 126, 153, 154, 155, 156]"
534,inspect_inventories,2020-01-02 17:59:18.139195,"[48, 112, 109, 94]","[16, 176, 111, 140, 116, 38, 42]",EMPTY,10,"[68, 70, 74, 77, 78, 82, 86]",EMPTY
535,create_invoice,2020-01-02 17:59:19.139195,"[48, 112, 109, 94]",EMPTY,EMPTY,15,EMPTY,"[160, 161, 162, 163]"
536,cancel_inventory,2020-01-02 18:02:05.581055,[84],[123],35,EMPTY,EMPTY,EMPTY
537,return_inventory,2020-01-02 18:04:11.162450,[62],[80],13,8,EMPTY,EMPTY
538,pay_invoice,2020-01-02 18:09:04.185705,EMPTY,EMPTY,4,EMPTY,EMPTY,[144]
539,lend_inventory,2020-01-02 18:13:15.348495,[72],"[88, 165]",77,11,EMPTY,EMPTY
540,pay_invoice,2020-01-02 18:14:39.069425,EMPTY,EMPTY,73,EMPTY,EMPTY,[161]
541,lend_inventory,2020-01-02 18:17:26.511285,[51],"[41, 67]",42,17,EMPTY,EMPTY
542,lend_inventory,2020-01-02 18:22:19.534540,[105],"[74, 119]",63,14,EMPTY,EMPTY
543,return_inventory,2020-01-02 18:31:23.720585,[132],[75],32,13,EMPTY,EMPTY
544,lend_inventory,2020-01-02 18:33:29.301980,"[81, 45, 103]","[117, 135, 177, 91, 32]",56,11,EMPTY,EMPTY
545,return_inventory,2020-01-02 18:37:40.464770,[106],[150],23,16,EMPTY,EMPTY
546,lend_inventory,2020-01-02 18:41:51.627560,[110],"[128, 122]",38,15,EMPTY,EMPTY
547,pay_invoice,2020-01-02 18:43:15.348490,EMPTY,EMPTY,59,EMPTY,EMPTY,[160]
548,cancel_inventory,2020-01-02 18:43:57.208955,[125],[87],25,EMPTY,EMPTY,EMPTY
549,return_inventory,2020-01-02 18:44:39.069420,[115],[168],31,19,EMPTY,EMPTY
550,cancel_inventory,2020-01-02 18:48:50.232210,[113],[152],10,EMPTY,EMPTY,EMPTY
551,lend_inventory,2020-01-02 18:49:32.092675,"[56, 80]","[101, 149, 127]",28,17,EMPTY,EMPTY
552,lend_inventory,2020-01-02 18:53:43.255465,"[34, 131]","[49, 11, 36]",46,13,EMPTY,EMPTY
553,confirm_rental,2020-01-02 18:59:18.139185,"[71, 74, 92, 93, 95, 97, 101, 104, 116, 117]",EMPTY,EMPTY,7,EMPTY,EMPTY
554,return_inventory,2020-01-02 19:04:53.022905,[17],[175],69,7,EMPTY,EMPTY
555,return_inventory,2020-01-02 19:09:46.046160,"[114, 124]","[31, 19]",9,16,EMPTY,EMPTY
556,lend_inventory,2020-01-02 19:11:51.627555,"[104, 117]","[10, 43, 159]",62,7,EMPTY,EMPTY
557,return_inventory,2020-01-02 19:14:39.069415,[73],[185],17,3,EMPTY,EMPTY
558,lend_inventory,2020-01-02 19:18:50.232205,[79],"[98, 62]",14,11,EMPTY,EMPTY
559,pay_invoice,2020-01-02 19:19:32.092670,EMPTY,EMPTY,71,EMPTY,EMPTY,[150]
560,lend_inventory,2020-01-02 19:20:13.953135,[113],[17],10,3,EMPTY,EMPTY
561,lend_inventory,2020-01-02 19:25:48.836855,[71],"[114, 187]",41,8,EMPTY,EMPTY
562,return_inventory,2020-01-02 19:26:30.697320,[72],[88],77,14,EMPTY,EMPTY
563,lend_inventory,2020-01-02 19:28:36.278715,[116],[94],27,8,EMPTY,EMPTY
564,return_inventory,2020-01-02 19:31:23.720575,[51],[41],42,14,EMPTY,EMPTY
565,return_inventory,2020-01-02 19:32:05.581040,"[81, 45]","[135, 177, 91]",56,17,EMPTY,EMPTY
566,cancel_inventory,2020-01-02 19:34:11.162435,[78],[9],49,EMPTY,EMPTY,EMPTY
567,cancel_inventory,2020-01-02 19:35:34.883365,[93],[99],76,EMPTY,EMPTY,EMPTY
568,lend_inventory,2020-01-02 19:46:44.650805,[97],[18],34,8,EMPTY,EMPTY
569,lend_inventory,2020-01-02 19:48:08.371735,[92],"[97, 92]",48,7,EMPTY,EMPTY
570,pay_invoice,2020-01-02 19:51:37.674060,EMPTY,EMPTY,15,EMPTY,EMPTY,[159]
571,lend_inventory,2020-01-02 19:53:43.255455,"[74, 101]","[106, 199, 81, 23]",6,9,EMPTY,EMPTY
572,inspect_inventories,2020-01-02 19:56:30.697315,"[72, 81, 51, 45]","[88, 41, 135, 177, 91]",EMPTY,11,"[98, 99, 100, 101, 102]",EMPTY
573,create_invoice,2020-01-02 19:56:31.697315,"[81, 51]",EMPTY,EMPTY,14,EMPTY,"[164, 165]"
574,confirm_invoice,2020-01-02 19:57:12.557780,EMPTY,EMPTY,EMPTY,4,EMPTY,"[105, 144, 147, 157]"
575,inspect_inventories,2020-01-02 19:58:36.278710,"[57, 46]","[154, 82]",EMPTY,1,"[84, 85]",EMPTY
576,create_invoice,2020-01-02 19:58:37.278710,[57],EMPTY,EMPTY,5,EMPTY,[166]
577,pay_invoice,2020-01-02 20:09:04.185685,EMPTY,EMPTY,64,EMPTY,EMPTY,[148]
578,cancel_inventory,2020-01-02 20:09:46.046150,[65],[145],21,EMPTY,EMPTY,EMPTY
579,cancel_inventory,2020-01-02 20:11:51.627545,[120],[69],25,EMPTY,EMPTY,EMPTY
580,cancel_inventory,2020-01-02 20:17:26.511265,[84],[65],35,EMPTY,EMPTY,EMPTY
581,pay_invoice,2020-01-02 20:20:55.813590,EMPTY,EMPTY,42,EMPTY,EMPTY,[164]
582,return_inventory,2020-01-02 20:26:30.697310,[87],[103],65,16,EMPTY,EMPTY
583,return_inventory,2020-01-02 20:36:58.604285,[71],[114],41,9,EMPTY,EMPTY
584,return_inventory,2020-01-02 20:37:40.464750,"[107, 118]","[148, 141, 104, 53]",59,10,EMPTY,EMPTY
585,return_inventory,2020-01-02 20:41:51.627540,[34],[49],46,4,EMPTY,EMPTY
586,return_inventory,2020-01-02 20:45:20.929865,[92],"[97, 92]",48,8,EMPTY,EMPTY
587,pay_invoice,2020-01-02 20:48:50.232190,EMPTY,EMPTY,24,EMPTY,EMPTY,[163]
588,pay_invoice,2020-01-02 20:53:01.394980,EMPTY,EMPTY,3,EMPTY,EMPTY,[162]
589,inspect_inventories,2020-01-02 20:55:06.976375,"[67, 4, 36, 100, 8, 41, 42, 106, 108, 114, 86, 87, 124, 61, 63]","[100, 39, 70, 1, 37, 164, 158, 124, 190, 40, 192, 8, 85, 120, 162, 112, 71, 150, 31, 19, 103]",EMPTY,16,"[16, 17, 21, 23, 24, 41, 42, 44, 48, 53, 54, 79, 80, 83, 87, 88, 89, 92, 95, 96, 103]",EMPTY
590,create_invoice,2020-01-02 20:55:07.976375,"[36, 8, 41, 108, 114, 86, 87, 124, 63]",EMPTY,EMPTY,16,EMPTY,"[167, 168, 169, 170, 171, 172, 173, 174, 175]"
591,confirm_rental,2020-01-02 20:56:30.697305,"[5, 21, 28, 38, 44, 49, 50, 53, 54, 69, 70, 75, 85, 88, 89, 99, 123, 126]",EMPTY,EMPTY,20,EMPTY,EMPTY
592,inspect_inventories,2020-01-02 20:58:36.278700,"[107, 73, 115, 118]","[168, 185, 148, 141, 104, 53]",EMPTY,10,"[93, 97, 105, 106, 107, 108]",EMPTY
593,create_invoice,2020-01-02 20:58:37.278700,"[73, 115, 118]",EMPTY,EMPTY,15,EMPTY,"[176, 177, 178]"
594,return_inventory,2020-01-02 21:00:41.860095,[97],[18],34,8,EMPTY,EMPTY
595,pay_invoice,2020-01-02 21:01:23.720560,EMPTY,EMPTY,58,EMPTY,EMPTY,[171]
596,cancel_inventory,2020-01-02 21:07:40.464745,[75],[56],33,EMPTY,EMPTY,EMPTY
597,cancel_inventory,2020-01-02 21:09:04.185675,[95],[57],55,EMPTY,EMPTY,EMPTY
598,lend_inventory,2020-01-02 21:09:46.046140,[69],[89],5,20,EMPTY,EMPTY
599,return_inventory,2020-01-02 21:11:51.627535,[56],[101],28,11,EMPTY,EMPTY
600,cancel_inventory,2020-01-02 21:14:39.069395,[38],[58],54,EMPTY,EMPTY,EMPTY
601,pay_invoice,2020-01-02 21:18:08.371720,EMPTY,EMPTY,31,EMPTY,EMPTY,[177]
602,pay_invoice,2020-01-02 21:18:50.232185,EMPTY,EMPTY,9,EMPTY,EMPTY,"[174, 175]"
603,lend_inventory,2020-01-02 21:23:43.255440,"[96, 65]","[193, 144]",21,14,EMPTY,EMPTY
604,cancel_inventory,2020-01-02 21:25:48.836835,[49],[12],19,EMPTY,EMPTY,EMPTY
605,cancel_inventory,2020-01-02 21:27:54.418230,[129],[25],25,EMPTY,EMPTY,EMPTY
606,pay_invoice,2020-01-02 21:38:22.325205,EMPTY,EMPTY,30,EMPTY,EMPTY,[167]
607,return_inventory,2020-01-02 21:42:33.487995,[104],"[10, 43]",62,9,EMPTY,EMPTY
608,return_inventory,2020-01-02 21:43:15.348460,[105],[74],63,17,EMPTY,EMPTY
609,return_inventory,2020-01-02 21:47:26.511250,[110],"[128, 122]",38,12,EMPTY,EMPTY
610,lend_inventory,2020-01-02 21:49:32.092645,[88],"[34, 5]",75,20,EMPTY,EMPTY
611,confirm_invoice,2020-01-02 21:55:06.976365,EMPTY,EMPTY,EMPTY,16,EMPTY,"[167, 171, 174, 175]"
612,inspect_inventories,2020-01-02 21:58:36.278690,"[56, 105]","[101, 74]",EMPTY,17,"[113, 116]",EMPTY
613,cancel_inventory,2020-01-02 22:03:29.301945,[49],[196],19,EMPTY,EMPTY,EMPTY
614,lend_inventory,2020-01-02 22:11:09.767060,[125],[59],25,13,EMPTY,EMPTY
615,pay_invoice,2020-01-02 22:16:44.650780,EMPTY,EMPTY,65,EMPTY,EMPTY,"[170, 172]"
616,lend_inventory,2020-01-02 22:17:26.511245,[95],[126],55,7,EMPTY,EMPTY
617,cancel_inventory,2020-01-02 22:32:47.441475,[93],[132],76,EMPTY,EMPTY,EMPTY
618,cancel_inventory,2020-01-02 22:38:22.325195,[126],[138],26,EMPTY,EMPTY,EMPTY
619,return_inventory,2020-01-02 22:41:09.767055,[105],[119],63,11,EMPTY,EMPTY
620,lend_inventory,2020-01-02 22:41:51.627520,[89],[14],40,20,EMPTY,EMPTY
621,pay_invoice,2020-01-02 22:42:33.487985,EMPTY,EMPTY,56,EMPTY,EMPTY,[165]
622,lend_inventory,2020-01-02 22:43:57.208915,"[99, 50, 85, 21, 54]","[136, 52, 77, 174, 198, 95, 84, 45, 191]",68,20,EMPTY,EMPTY
623,pay_invoice,2020-01-02 22:44:39.069380,EMPTY,EMPTY,36,EMPTY,EMPTY,[158]
624,cancel_inventory,2020-01-02 22:45:20.929845,[78],[151],49,EMPTY,EMPTY,EMPTY
625,pay_invoice,2020-01-02 22:47:26.511240,EMPTY,EMPTY,17,EMPTY,EMPTY,[176]
626,confirm_invoice,2020-01-02 22:55:06.976355,EMPTY,EMPTY,EMPTY,16,EMPTY,"[170, 172]"
627,inspect_inventories,2020-01-02 22:55:48.836820,[105],[119],EMPTY,14,[119],EMPTY
628,create_invoice,2020-01-02 22:55:49.836820,[105],EMPTY,EMPTY,11,EMPTY,[179]
629,confirm_rental,2020-01-02 22:57:54.418215,[119],EMPTY,EMPTY,13,EMPTY,EMPTY
630,confirm_rental,2020-01-02 22:59:18.139145,[98],EMPTY,EMPTY,6,EMPTY,EMPTY
631,return_inventory,2020-01-02 23:04:53.022865,[131],[36],46,13,EMPTY,EMPTY
632,cancel_inventory,2020-01-02 23:05:34.883330,[123],[107],54,EMPTY,EMPTY,EMPTY
633,return_inventory,2020-01-02 23:08:22.325190,[80],[127],28,14,EMPTY,EMPTY
634,pay_invoice,2020-01-02 23:13:15.348445,EMPTY,EMPTY,51,EMPTY,EMPTY,[169]
635,return_inventory,2020-01-02 23:18:50.232165,[79],"[98, 62]",14,14,EMPTY,EMPTY
636,return_inventory,2020-01-02 23:21:37.674025,[88],[5],75,20,EMPTY,EMPTY
637,return_inventory,2020-01-02 23:25:06.976350,[89],[14],40,20,EMPTY,EMPTY
638,cancel_inventory,2020-01-02 23:41:51.627510,[98],[166],29,EMPTY,EMPTY,EMPTY
639,return_inventory,2020-01-02 23:43:15.348440,[103],[32],56,14,EMPTY,EMPTY
640,cancel_inventory,2020-01-02 23:48:50.232160,[70],[131],61,EMPTY,EMPTY,EMPTY
641,lend_inventory,2020-01-02 23:53:43.255415,[75],[76],33,20,EMPTY,EMPTY
642,confirm_rental,2020-01-02 23:55:06.976345,[77],EMPTY,EMPTY,16,EMPTY,EMPTY
643,confirm_invoice,2020-01-02 23:57:12.557740,EMPTY,EMPTY,EMPTY,15,EMPTY,"[136, 160, 161, 162, 163, 176, 177]"
644,inspect_inventories,2020-01-02 23:58:36.278670,"[97, 71, 104, 17, 92, 62]","[80, 175, 114, 97, 92, 18, 10, 43]",EMPTY,7,"[90, 94, 104, 110, 111, 112, 114, 115]",EMPTY
645,create_invoice,2020-01-02 23:58:37.278670,"[104, 97, 92, 62]",EMPTY,EMPTY,7,EMPTY,"[180, 181, 182, 183]"
646,return_inventory,2020-01-03 00:06:58.604250,[127],[46],52,3,EMPTY,EMPTY
647,return_inventory,2020-01-03 00:10:27.906575,[45],[117],56,17,EMPTY,EMPTY
648,return_inventory,2020-01-03 00:18:08.371690,"[74, 101]","[106, 81, 23]",6,8,EMPTY,EMPTY
649,return_inventory,2020-01-03 00:23:43.255410,"[50, 85, 21, 54]","[52, 77, 95, 45]",68,20,EMPTY,EMPTY
650,pay_invoice,2020-01-03 00:27:54.418200,EMPTY,EMPTY,62,EMPTY,EMPTY,[183]
651,cancel_inventory,2020-01-03 00:31:23.720525,[28],[63],54,EMPTY,EMPTY,EMPTY
652,cancel_inventory,2020-01-03 00:36:16.743780,[44],[189],61,EMPTY,EMPTY,EMPTY
653,lend_inventory,2020-01-03 00:37:40.464710,[119],[13],67,4,EMPTY,EMPTY
654,return_inventory,2020-01-03 00:39:04.185640,[116],[94],27,8,EMPTY,EMPTY
655,inspect_inventories,2020-01-03 00:55:48.836800,"[74, 116, 101]","[106, 81, 23, 94]",EMPTY,7,"[129, 130, 131, 136]",EMPTY
656,create_invoice,2020-01-03 00:55:49.836800,"[74, 116, 101]",EMPTY,EMPTY,8,EMPTY,"[184, 185, 186]"
657,inspect_inventories,2020-01-03 00:58:36.278660,"[110, 127]","[128, 122, 46]",EMPTY,19,"[117, 118, 127]",EMPTY
658,pay_invoice,2020-01-03 01:03:29.301915,EMPTY,EMPTY,63,EMPTY,EMPTY,[179]
659,return_inventory,2020-01-03 01:09:04.185635,[75],[76],33,20,EMPTY,EMPTY
660,return_inventory,2020-01-03 01:18:50.232145,[74],[199],6,7,EMPTY,EMPTY
661,lend_inventory,2020-01-03 01:21:37.674005,[77],"[178, 47]",2,16,EMPTY,EMPTY
662,return_inventory,2020-01-03 01:25:06.976330,"[99, 21, 54]","[136, 198, 191]",68,20,EMPTY,EMPTY
663,lend_inventory,2020-01-03 01:36:16.743770,"[28, 53, 38]","[121, 155, 161, 163]",54,20,EMPTY,EMPTY
664,pay_invoice,2020-01-03 01:37:40.464700,EMPTY,EMPTY,34,EMPTY,EMPTY,[182]
665,return_inventory,2020-01-03 01:44:39.069350,[127],[157],52,12,EMPTY,EMPTY
666,return_inventory,2020-01-03 01:50:13.953070,[69],[89],5,20,EMPTY,EMPTY
667,return_inventory,2020-01-03 01:51:37.674000,[88],[34],75,20,EMPTY,EMPTY
668,confirm_invoice,2020-01-03 01:55:48.836790,EMPTY,EMPTY,EMPTY,14,EMPTY,"[164, 165, 179]"
669,return_inventory,2020-01-03 01:59:59.999580,[125],[59],25,18,EMPTY,EMPTY
670,return_inventory,2020-01-03 02:04:11.162370,[56],[149],28,14,EMPTY,EMPTY
671,return_inventory,2020-01-03 02:04:53.022835,[77],[47],2,16,EMPTY,EMPTY
672,pay_invoice,2020-01-03 02:14:39.069345,EMPTY,EMPTY,13,EMPTY,EMPTY,[180]
673,return_inventory,2020-01-03 02:16:02.790275,[113],[17],10,19,EMPTY,EMPTY
674,return_inventory,2020-01-03 02:27:12.557715,[72],[165],77,11,EMPTY,EMPTY
675,return_inventory,2020-01-03 02:40:27.906550,"[50, 85]","[174, 84]",68,20,EMPTY,EMPTY
676,pay_invoice,2020-01-03 02:46:02.790270,EMPTY,EMPTY,59,EMPTY,EMPTY,[178]
677,return_inventory,2020-01-03 02:46:44.650735,[71],[187],41,9,EMPTY,EMPTY
678,return_inventory,2020-01-03 02:49:32.092595,[115],[33],31,19,EMPTY,EMPTY
679,inspect_inventories,2020-01-03 02:55:06.976315,[77],[47],EMPTY,16,[147],EMPTY
680,create_invoice,2020-01-03 02:55:07.976315,[77],EMPTY,EMPTY,16,EMPTY,[187]
681,inspect_inventories,2020-01-03 02:57:12.557710,"[103, 72, 45, 79, 80, 56]","[127, 98, 62, 32, 117, 149, 165]",EMPTY,17,"[121, 122, 123, 126, 128, 146, 149]",EMPTY
682,create_invoice,2020-01-03 02:57:13.557710,"[45, 79]",EMPTY,EMPTY,14,EMPTY,"[188, 189]"
683,confirm_invoice,2020-01-03 02:57:54.418175,EMPTY,EMPTY,EMPTY,10,EMPTY,[178]
684,inspect_inventories,2020-01-03 02:59:18.139105,"[99, 69, 75, 50, 21, 54, 85, 88, 89]","[5, 14, 52, 77, 95, 45, 76, 136, 198, 191, 89, 34, 174, 84]",EMPTY,20,"[124, 125, 132, 133, 134, 135, 137, 139, 140, 141, 143, 144, 150, 151]",EMPTY
685,create_invoice,2020-01-03 02:59:19.139105,"[99, 50, 85, 21, 54, 88]",EMPTY,EMPTY,20,EMPTY,"[190, 191, 192, 193, 194, 195]"
686,lend_inventory,2020-01-03 03:08:22.325150,"[44, 5, 70]","[146, 66, 183, 72]",61,20,EMPTY,EMPTY
687,return_inventory,2020-01-03 03:09:04.185615,[117],[159],62,8,EMPTY,EMPTY
688,pay_invoice,2020-01-03 03:21:37.673985,EMPTY,EMPTY,75,EMPTY,EMPTY,[194]
689,return_inventory,2020-01-03 03:31:23.720495,[38],[155],54,20,EMPTY,EMPTY
690,return_inventory,2020-01-03 03:33:29.301890,[96],[144],21,14,EMPTY,EMPTY
691,pay_invoice,2020-01-03 03:37:40.464680,EMPTY,EMPTY,6,EMPTY,EMPTY,"[184, 185]"
692,return_inventory,2020-01-03 03:39:46.046075,[51],[67],42,14,EMPTY,EMPTY
693,pay_invoice,2020-01-03 03:43:15.348400,EMPTY,EMPTY,56,EMPTY,EMPTY,[188]
694,return_inventory,2020-01-03 03:48:50.232120,[119],[13],67,13,EMPTY,EMPTY
695,confirm_invoice,2020-01-03 03:55:06.976305,EMPTY,EMPTY,EMPTY,8,EMPTY,"[180, 182, 183, 184, 185]"
696,confirm_invoice,2020-01-03 03:55:48.836770,EMPTY,EMPTY,EMPTY,20,EMPTY,[194]
697,return_inventory,2020-01-03 04:06:58.604210,[131],[11],46,13,EMPTY,EMPTY
698,pay_invoice,2020-01-03 04:28:36.278625,EMPTY,EMPTY,8,EMPTY,EMPTY,[166]
699,pay_invoice,2020-01-03 04:31:23.720485,EMPTY,EMPTY,48,EMPTY,EMPTY,[181]
700,pay_invoice,2020-01-03 04:51:37.673970,EMPTY,EMPTY,23,EMPTY,EMPTY,"[168, 173]"
701,confirm_invoice,2020-01-03 04:56:30.697225,EMPTY,EMPTY,EMPTY,11,EMPTY,[188]
702,inspect_inventories,2020-01-03 04:57:54.418155,"[74, 117, 71]","[199, 187, 159]",EMPTY,8,"[138, 152, 154]",EMPTY
703,create_invoice,2020-01-03 04:57:55.418155,[117],EMPTY,EMPTY,8,EMPTY,[196]
704,confirm_rental,2020-01-03 04:58:36.278620,[130],EMPTY,EMPTY,3,EMPTY,EMPTY
705,inspect_inventories,2020-01-03 04:59:18.139085,"[34, 131, 132, 119, 125]","[75, 49, 36, 59, 13, 11]",EMPTY,13,"[91, 109, 120, 145, 158, 159]",EMPTY
706,create_invoice,2020-01-03 04:59:19.139085,"[131, 125]",EMPTY,EMPTY,4,EMPTY,"[197, 198]"
707,return_inventory,2020-01-03 05:09:46.046060,"[44, 5, 70]","[146, 183, 72]",61,20,EMPTY,EMPTY
708,return_inventory,2020-01-03 05:13:57.208850,"[28, 53]","[121, 161, 163]",54,20,EMPTY,EMPTY
709,pay_invoice,2020-01-03 05:21:37.673965,EMPTY,EMPTY,14,EMPTY,EMPTY,[189]
710,pay_invoice,2020-01-03 05:29:18.139080,EMPTY,EMPTY,2,EMPTY,EMPTY,[187]
711,pay_invoice,2020-01-03 05:33:29.301870,EMPTY,EMPTY,27,EMPTY,EMPTY,[186]
712,pay_invoice,2020-01-03 05:43:15.348380,EMPTY,EMPTY,46,EMPTY,EMPTY,[198]
713,confirm_invoice,2020-01-03 05:56:30.697215,EMPTY,EMPTY,EMPTY,7,EMPTY,"[181, 186]"
714,inspect_inventories,2020-01-03 05:57:54.418145,"[113, 115, 127]","[157, 17, 33]",EMPTY,19,"[142, 148, 153]",EMPTY
715,create_invoice,2020-01-03 05:57:55.418145,[113],EMPTY,EMPTY,19,EMPTY,[199]
716,cancel_inventory,2020-01-03 06:22:19.534420,[130],[102],31,EMPTY,EMPTY,EMPTY
717,inspect_inventories,2020-01-03 06:56:30.697205,"[5, 70, 38, 44, 53, 28]","[155, 146, 183, 72, 121, 161, 163]",EMPTY,20,"[155, 160, 161, 162, 163, 164, 165]",EMPTY
718,create_invoice,2020-01-03 06:56:31.697205,"[53, 28, 5, 38]",EMPTY,EMPTY,20,EMPTY,"[200, 201, 202, 203]"
719,inspect_inventories,2020-01-03 06:57:12.557670,"[96, 51]","[144, 67]",EMPTY,14,"[156, 157]",EMPTY
720,return_inventory,2020-01-03 07:18:08.371620,[95],[126],55,7,EMPTY,EMPTY
721,pay_invoice,2020-01-03 07:34:11.162315,EMPTY,EMPTY,68,EMPTY,EMPTY,"[190, 191, 192, 193, 195]"
722,confirm_invoice,2020-01-03 07:55:48.836730,EMPTY,EMPTY,EMPTY,4,EMPTY,[198]
723,inspect_inventories,2020-01-03 07:59:18.139055,[95],[126],EMPTY,8,[166],EMPTY
724,cancel_inventory,2020-01-03 08:11:09.766960,[130],[105],31,EMPTY,EMPTY,EMPTY
725,pay_invoice,2020-01-03 08:19:32.092540,EMPTY,EMPTY,61,EMPTY,EMPTY,[200]
726,return_inventory,2020-01-03 08:43:57.208815,[87],[186],65,16,EMPTY,EMPTY
727,pay_invoice,2020-01-03 08:53:01.394860,EMPTY,EMPTY,10,EMPTY,EMPTY,[199]
728,inspect_inventories,2020-01-03 08:55:06.976255,[87],[186],EMPTY,16,[167],EMPTY
729,confirm_invoice,2020-01-03 08:57:12.557650,EMPTY,EMPTY,EMPTY,12,EMPTY,[199]
730,confirm_invoice,2020-01-03 08:59:18.139045,EMPTY,EMPTY,EMPTY,5,EMPTY,"[148, 150, 158, 159, 166]"
731,pay_invoice,2020-01-03 10:12:33.487870,EMPTY,EMPTY,54,EMPTY,EMPTY,"[201, 202, 203]"
732,return_inventory,2020-01-03 10:23:43.255310,[5],[66],61,20,EMPTY,EMPTY
733,return_inventory,2020-01-03 10:29:59.999495,[65],[193],21,14,EMPTY,EMPTY
734,pay_invoice,2020-01-03 10:48:08.371585,EMPTY,EMPTY,25,EMPTY,EMPTY,[197]
735,confirm_rental,2020-01-03 10:57:12.557630,"[121, 122]",EMPTY,EMPTY,6,EMPTY,EMPTY
736,lend_inventory,2020-01-03 11:18:08.371580,[121],[20],36,6,EMPTY,EMPTY
737,lend_inventory,2020-01-03 11:25:06.976230,[122],"[170, 134]",15,6,EMPTY,EMPTY
738,inspect_inventories,2020-01-03 11:58:36.278550,[65],[193],EMPTY,14,[169],EMPTY
739,create_invoice,2020-01-03 11:58:37.278550,[65],EMPTY,EMPTY,11,EMPTY,[204]
740,confirm_invoice,2020-01-03 12:56:30.697145,EMPTY,EMPTY,EMPTY,16,EMPTY,"[168, 169, 173, 187]"
741,pay_invoice,2020-01-03 13:25:48.836675,EMPTY,EMPTY,62,EMPTY,EMPTY,[196]
742,return_inventory,2020-01-03 13:52:19.534345,[122],[170],15,2,EMPTY,EMPTY
743,inspect_inventories,2020-01-03 13:56:30.697135,[122],[170],EMPTY,1,[170],EMPTY
744,return_inventory,2020-01-03 14:44:39.069220,[77],[178],2,16,EMPTY,EMPTY
745,inspect_inventories,2020-01-03 15:59:18.138975,[5],[66],EMPTY,20,[168],EMPTY
746,create_invoice,2020-01-03 15:59:19.138975,[5],EMPTY,EMPTY,20,EMPTY,[205]
747,return_inventory,2020-01-03 16:32:47.441295,[122],[134],15,6,EMPTY,EMPTY
748,return_inventory,2020-01-03 16:36:58.604085,[121],[20],36,6,EMPTY,EMPTY
749,inspect_inventories,2020-01-03 16:57:12.557570,"[121, 122]","[134, 20]",EMPTY,1,"[172, 173]",EMPTY
750,create_invoice,2020-01-03 16:57:13.557570,[122],EMPTY,EMPTY,1,EMPTY,[206]
751,pay_invoice,2020-01-03 17:06:16.743615,EMPTY,EMPTY,21,EMPTY,EMPTY,[204]
752,pay_invoice,2020-01-03 17:53:01.394770,EMPTY,EMPTY,61,EMPTY,EMPTY,[205]
753,confirm_invoice,2020-01-03 18:58:36.278480,EMPTY,EMPTY,EMPTY,18,EMPTY,[197]
754,confirm_invoice,2020-01-03 18:59:18.138945,EMPTY,EMPTY,EMPTY,20,EMPTY,"[190, 191, 192, 193, 195, 200, 201, 202, 203, 205]"
755,pay_invoice,2020-01-03 19:32:05.580800,EMPTY,EMPTY,15,EMPTY,EMPTY,[206]
756,inspect_inventories,2020-01-03 19:55:06.976145,[77],[178],EMPTY,16,[171],EMPTY
757,create_invoice,2020-01-03 19:55:07.976145,[77],EMPTY,EMPTY,16,EMPTY,[207]
758,confirm_invoice,2020-01-03 19:56:30.697075,EMPTY,EMPTY,EMPTY,6,EMPTY,[206]
759,confirm_invoice,2020-01-03 20:58:36.278460,EMPTY,EMPTY,EMPTY,14,EMPTY,"[189, 204]"
760,pay_invoice,2020-01-03 21:24:25.115665,EMPTY,EMPTY,2,EMPTY,EMPTY,[207]
761,confirm_invoice,2020-01-03 21:57:12.557520,EMPTY,EMPTY,EMPTY,9,EMPTY,[196]
762,confirm_invoice,2020-01-03 21:58:36.278450,EMPTY,EMPTY,EMPTY,16,EMPTY,[207]
