,event_id,activity,timestamp,rental,inventory,customer,staff,inspection,invoice,store,case:concept:name
0,0,create_rental,2020-01-01 07:00:00+00:00,0,193,35,EMPTY,EMPTY,EMPTY,7,60
1,7,create_rental,2020-01-01 07:00:00+00:00,7,171,53,EMPTY,EMPTY,EMPTY,4,44
2,6,create_rental,2020-01-01 07:00:00+00:00,6,133,8,EMPTY,EMPTY,EMPTY,1,31
3,6,create_rental,2020-01-01 07:00:00+00:00,6,153,8,EMPTY,EMPTY,EMPTY,1,12
4,5,create_rental,2020-01-01 07:00:00+00:00,5,126,34,EMPTY,EMPTY,EMPTY,6,6
5,5,create_rental,2020-01-01 07:00:00+00:00,5,187,34,EMPTY,EMPTY,EMPTY,6,2
6,4,create_rental,2020-01-01 07:00:00+00:00,4,55,27,EMPTY,EMPTY,EMPTY,6,36
7,4,create_rental,2020-01-01 07:00:00+00:00,4,44,27,EMPTY,EMPTY,EMPTY,6,66
8,7,create_rental,2020-01-01 07:00:00+00:00,7,36,53,EMPTY,EMPTY,EMPTY,4,48
9,3,create_rental,2020-01-01 07:00:00+00:00,3,54,64,EMPTY,EMPTY,EMPTY,1,7
10,2,create_rental,2020-01-01 07:00:00+00:00,2,70,58,EMPTY,EMPTY,EMPTY,2,28
11,2,create_rental,2020-01-01 07:00:00+00:00,2,37,58,EMPTY,EMPTY,EMPTY,2,26
12,1,create_rental,2020-01-01 07:00:00+00:00,1,91,49,EMPTY,EMPTY,EMPTY,7,64
13,1,create_rental,2020-01-01 07:00:00+00:00,1,9,49,EMPTY,EMPTY,EMPTY,7,19
14,0,create_rental,2020-01-01 07:00:00+00:00,0,123,35,EMPTY,EMPTY,EMPTY,7,61
15,3,create_rental,2020-01-01 07:00:00+00:00,3,110,64,EMPTY,EMPTY,EMPTY,1,68
16,8,create_invoice,2020-01-01 07:15:00+00:00,3,EMPTY,EMPTY,2,EMPTY,0,1,
17,8,create_invoice,2020-01-01 07:15:00+00:00,6,EMPTY,EMPTY,2,EMPTY,1,1,
18,9,create_invoice,2020-01-01 07:15:31.395348+00:00,2,EMPTY,EMPTY,16,EMPTY,2,2,
19,10,create_invoice,2020-01-01 07:15:41.860464+00:00,5,EMPTY,EMPTY,9,EMPTY,4,6,
20,10,create_invoice,2020-01-01 07:15:41.860464+00:00,4,EMPTY,EMPTY,9,EMPTY,3,6,
21,11,create_invoice,2020-01-01 07:15:52.325580+00:00,7,EMPTY,EMPTY,18,EMPTY,5,4,
22,12,create_invoice,2020-01-01 07:16:02.790696+00:00,0,EMPTY,EMPTY,17,EMPTY,6,7,
23,12,create_invoice,2020-01-01 07:16:02.790696+00:00,1,EMPTY,EMPTY,17,EMPTY,7,7,
24,18,create_rental,2020-01-01 07:16:13.255812+00:00,12,68,62,EMPTY,EMPTY,EMPTY,6,49
25,21,create_rental,2020-01-01 07:16:13.255812+00:00,15,90,27,EMPTY,EMPTY,EMPTY,6,47
26,21,create_rental,2020-01-01 07:16:13.255812+00:00,15,114,27,EMPTY,EMPTY,EMPTY,6,18
27,20,create_rental,2020-01-01 07:16:13.255812+00:00,14,63,26,EMPTY,EMPTY,EMPTY,5,14
28,20,create_rental,2020-01-01 07:16:13.255812+00:00,14,189,26,EMPTY,EMPTY,EMPTY,5,4
29,19,create_rental,2020-01-01 07:16:13.255812+00:00,13,172,63,EMPTY,EMPTY,EMPTY,7,63
30,19,create_rental,2020-01-01 07:16:13.255812+00:00,13,179,63,EMPTY,EMPTY,EMPTY,7,1
31,17,create_rental,2020-01-01 07:16:13.255812+00:00,11,173,49,EMPTY,EMPTY,EMPTY,7,42
32,18,create_rental,2020-01-01 07:16:13.255812+00:00,12,23,62,EMPTY,EMPTY,EMPTY,6,33
33,16,create_rental,2020-01-01 07:16:13.255812+00:00,10,103,37,EMPTY,EMPTY,EMPTY,2,56
34,16,create_rental,2020-01-01 07:16:13.255812+00:00,10,162,37,EMPTY,EMPTY,EMPTY,2,27
35,15,create_rental,2020-01-01 07:16:13.255812+00:00,9,127,35,EMPTY,EMPTY,EMPTY,7,32
36,15,create_rental,2020-01-01 07:16:13.255812+00:00,9,144,35,EMPTY,EMPTY,EMPTY,7,17
37,14,create_rental,2020-01-01 07:16:13.255812+00:00,8,85,79,EMPTY,EMPTY,EMPTY,2,40
38,14,create_rental,2020-01-01 07:16:13.255812+00:00,8,192,79,EMPTY,EMPTY,EMPTY,2,62
39,13,pay_invoice,2020-01-01 07:16:13.255812+00:00,6,EMPTY,8,EMPTY,EMPTY,1,1,
40,17,create_rental,2020-01-01 07:16:13.255812+00:00,11,145,49,EMPTY,EMPTY,EMPTY,7,30
41,22,create_invoice,2020-01-01 07:31:44.651160+00:00,14,EMPTY,EMPTY,20,EMPTY,8,5,
42,29,create_rental,2020-01-01 07:32:26.511624+00:00,21,147,41,EMPTY,EMPTY,EMPTY,6,16
43,29,create_rental,2020-01-01 07:32:26.511624+00:00,21,139,41,EMPTY,EMPTY,EMPTY,6,52
44,28,create_rental,2020-01-01 07:32:26.511624+00:00,20,30,8,EMPTY,EMPTY,EMPTY,1,20
45,27,pay_invoice,2020-01-01 07:32:26.511624+00:00,14,EMPTY,26,EMPTY,EMPTY,8,5,
46,26,create_rental,2020-01-01 07:32:26.511624+00:00,19,45,12,EMPTY,EMPTY,EMPTY,5,22
47,26,create_rental,2020-01-01 07:32:26.511624+00:00,19,89,12,EMPTY,EMPTY,EMPTY,5,15
48,28,create_rental,2020-01-01 07:32:26.511624+00:00,20,194,8,EMPTY,EMPTY,EMPTY,1,51
49,25,create_rental,2020-01-01 07:32:26.511624+00:00,18,11,60,EMPTY,EMPTY,EMPTY,4,39
50,24,create_rental,2020-01-01 07:32:26.511624+00:00,17,156,25,EMPTY,EMPTY,EMPTY,4,23
51,24,create_rental,2020-01-01 07:32:26.511624+00:00,17,59,25,EMPTY,EMPTY,EMPTY,4,9
52,23,create_rental,2020-01-01 07:32:26.511624+00:00,16,92,6,EMPTY,EMPTY,EMPTY,6,54
53,23,create_rental,2020-01-01 07:32:26.511624+00:00,16,73,6,EMPTY,EMPTY,EMPTY,6,41
54,25,create_rental,2020-01-01 07:32:26.511624+00:00,18,69,60,EMPTY,EMPTY,EMPTY,4,38
55,30,confirm_invoice,2020-01-01 07:47:47.441856+00:00,6,EMPTY,EMPTY,5,EMPTY,1,1,
56,40,create_rental,2020-01-01 07:48:39.767436+00:00,29,58,40,EMPTY,EMPTY,EMPTY,5,50
57,41,pay_invoice,2020-01-01 07:48:39.767436+00:00,7,EMPTY,53,EMPTY,EMPTY,5,4,
58,42,create_rental,2020-01-01 07:48:39.767436+00:00,30,41,56,EMPTY,EMPTY,EMPTY,7,3
59,42,create_rental,2020-01-01 07:48:39.767436+00:00,30,165,56,EMPTY,EMPTY,EMPTY,7,24
60,43,create_rental,2020-01-01 07:48:39.767436+00:00,31,51,67,EMPTY,EMPTY,EMPTY,4,45
61,43,create_rental,2020-01-01 07:48:39.767436+00:00,31,143,67,EMPTY,EMPTY,EMPTY,4,10
62,45,create_rental,2020-01-01 07:48:39.767436+00:00,33,168,38,EMPTY,EMPTY,EMPTY,3,55
63,44,create_rental,2020-01-01 07:48:39.767436+00:00,32,158,9,EMPTY,EMPTY,EMPTY,2,34
64,45,create_rental,2020-01-01 07:48:39.767436+00:00,33,105,38,EMPTY,EMPTY,EMPTY,3,65
65,46,create_rental,2020-01-01 07:48:39.767436+00:00,34,160,8,EMPTY,EMPTY,EMPTY,1,67
66,46,create_rental,2020-01-01 07:48:39.767436+00:00,34,142,8,EMPTY,EMPTY,EMPTY,1,29
67,40,create_rental,2020-01-01 07:48:39.767436+00:00,29,72,40,EMPTY,EMPTY,EMPTY,5,11
68,44,create_rental,2020-01-01 07:48:39.767436+00:00,32,1,9,EMPTY,EMPTY,EMPTY,2,43
69,39,pay_invoice,2020-01-01 07:48:39.767436+00:00,3,EMPTY,64,EMPTY,EMPTY,0,1,
70,31,pay_invoice,2020-01-01 07:48:39.767436+00:00,5,EMPTY,34,EMPTY,EMPTY,4,6,
71,38,create_rental,2020-01-01 07:48:39.767436+00:00,28,166,78,EMPTY,EMPTY,EMPTY,1,46
72,32,create_rental,2020-01-01 07:48:39.767436+00:00,22,138,33,EMPTY,EMPTY,EMPTY,5,8
73,32,create_rental,2020-01-01 07:48:39.767436+00:00,22,198,33,EMPTY,EMPTY,EMPTY,5,25
74,38,create_rental,2020-01-01 07:48:39.767436+00:00,28,182,78,EMPTY,EMPTY,EMPTY,1,13
75,33,create_rental,2020-01-01 07:48:39.767436+00:00,23,99,62,EMPTY,EMPTY,EMPTY,6,69
76,34,create_rental,2020-01-01 07:48:39.767436+00:00,24,40,30,EMPTY,EMPTY,EMPTY,2,57
77,34,create_rental,2020-01-01 07:48:39.767436+00:00,24,78,30,EMPTY,EMPTY,EMPTY,2,58
78,33,create_rental,2020-01-01 07:48:39.767436+00:00,23,26,62,EMPTY,EMPTY,EMPTY,6,35
79,35,create_rental,2020-01-01 07:48:39.767436+00:00,25,86,25,EMPTY,EMPTY,EMPTY,4,0
80,36,create_rental,2020-01-01 07:48:39.767436+00:00,26,8,72,EMPTY,EMPTY,EMPTY,2,37
81,36,create_rental,2020-01-01 07:48:39.767436+00:00,26,150,72,EMPTY,EMPTY,EMPTY,2,5
82,37,create_rental,2020-01-01 07:48:39.767436+00:00,27,130,55,EMPTY,EMPTY,EMPTY,6,21
83,37,create_rental,2020-01-01 07:48:39.767436+00:00,27,15,55,EMPTY,EMPTY,EMPTY,6,59
84,35,create_rental,2020-01-01 07:48:39.767436+00:00,25,200,25,EMPTY,EMPTY,EMPTY,4,53
85,47,confirm_invoice,2020-01-01 08:03:39.767436+00:00,3,EMPTY,EMPTY,1,EMPTY,0,1,
86,48,pay_invoice,2020-01-01 08:04:53.023248+00:00,1,EMPTY,49,EMPTY,EMPTY,7,7,
87,49,pay_invoice,2020-01-01 08:04:53.023248+00:00,4,EMPTY,27,EMPTY,EMPTY,3,6,
88,50,create_invoice,2020-01-01 08:20:13.953480+00:00,20,EMPTY,EMPTY,5,EMPTY,9,1,
89,50,create_invoice,2020-01-01 08:20:13.953480+00:00,28,EMPTY,EMPTY,5,EMPTY,10,1,
90,50,create_invoice,2020-01-01 08:20:13.953480+00:00,34,EMPTY,EMPTY,5,EMPTY,11,1,
91,51,create_invoice,2020-01-01 08:20:24.418596+00:00,30,EMPTY,EMPTY,17,EMPTY,15,7,
92,51,create_invoice,2020-01-01 08:20:24.418596+00:00,13,EMPTY,EMPTY,17,EMPTY,14,7,
93,51,create_invoice,2020-01-01 08:20:24.418596+00:00,9,EMPTY,EMPTY,17,EMPTY,12,7,
94,51,create_invoice,2020-01-01 08:20:24.418596+00:00,11,EMPTY,EMPTY,17,EMPTY,13,7,
95,52,pay_invoice,2020-01-01 08:21:06.279060+00:00,30,EMPTY,56,EMPTY,EMPTY,15,7,
96,53,pay_invoice,2020-01-01 08:21:06.279060+00:00,11,EMPTY,49,EMPTY,EMPTY,13,7,
97,54,pay_invoice,2020-01-01 08:21:06.279060+00:00,28,EMPTY,78,EMPTY,EMPTY,10,1,
98,55,create_invoice,2020-01-01 08:36:16.744176+00:00,33,EMPTY,EMPTY,12,EMPTY,16,3,
99,56,create_invoice,2020-01-01 08:53:22.325568+00:00,32,EMPTY,EMPTY,16,EMPTY,21,2,
100,56,create_invoice,2020-01-01 08:53:22.325568+00:00,24,EMPTY,EMPTY,16,EMPTY,19,2,
101,56,create_invoice,2020-01-01 08:53:22.325568+00:00,26,EMPTY,EMPTY,16,EMPTY,20,2,
102,56,create_invoice,2020-01-01 08:53:22.325568+00:00,8,EMPTY,EMPTY,16,EMPTY,17,2,
103,56,create_invoice,2020-01-01 08:53:22.325568+00:00,10,EMPTY,EMPTY,16,EMPTY,18,2,
104,61,pay_invoice,2020-01-01 08:53:32.790684+00:00,33,EMPTY,38,EMPTY,EMPTY,16,3,
105,57,pay_invoice,2020-01-01 08:53:32.790684+00:00,0,EMPTY,35,EMPTY,EMPTY,6,7,
106,57,pay_invoice,2020-01-01 08:53:32.790684+00:00,9,EMPTY,35,EMPTY,EMPTY,12,7,
107,58,pay_invoice,2020-01-01 08:53:32.790684+00:00,2,EMPTY,58,EMPTY,EMPTY,2,2,
108,59,pay_invoice,2020-01-01 08:53:32.790684+00:00,8,EMPTY,79,EMPTY,EMPTY,17,2,
109,60,pay_invoice,2020-01-01 08:53:32.790684+00:00,24,EMPTY,30,EMPTY,EMPTY,19,2,
110,62,confirm_invoice,2020-01-01 09:08:32.790684+00:00,28,EMPTY,EMPTY,6,EMPTY,10,1,
111,63,confirm_invoice,2020-01-01 09:08:43.255800+00:00,11,EMPTY,EMPTY,11,EMPTY,13,7,
112,63,confirm_invoice,2020-01-01 09:08:43.255800+00:00,9,EMPTY,EMPTY,11,EMPTY,12,7,
113,63,confirm_invoice,2020-01-01 09:08:43.255800+00:00,30,EMPTY,EMPTY,11,EMPTY,15,7,
114,63,confirm_invoice,2020-01-01 09:08:43.255800+00:00,0,EMPTY,EMPTY,11,EMPTY,6,7,
115,63,confirm_invoice,2020-01-01 09:08:43.255800+00:00,1,EMPTY,EMPTY,11,EMPTY,7,7,
116,64,create_invoice,2020-01-01 09:08:53.720916+00:00,17,EMPTY,EMPTY,18,EMPTY,22,4,
117,64,create_invoice,2020-01-01 09:08:53.720916+00:00,18,EMPTY,EMPTY,18,EMPTY,23,4,
118,64,create_invoice,2020-01-01 09:08:53.720916+00:00,25,EMPTY,EMPTY,18,EMPTY,24,4,
119,64,create_invoice,2020-01-01 09:08:53.720916+00:00,31,EMPTY,EMPTY,18,EMPTY,25,4,
120,65,create_invoice,2020-01-01 09:09:35.581380+00:00,12,EMPTY,EMPTY,7,EMPTY,26,6,
121,65,create_invoice,2020-01-01 09:09:35.581380+00:00,15,EMPTY,EMPTY,7,EMPTY,27,6,
122,65,create_invoice,2020-01-01 09:09:35.581380+00:00,16,EMPTY,EMPTY,7,EMPTY,28,6,
123,65,create_invoice,2020-01-01 09:09:35.581380+00:00,21,EMPTY,EMPTY,7,EMPTY,29,6,
124,65,create_invoice,2020-01-01 09:09:35.581380+00:00,23,EMPTY,EMPTY,7,EMPTY,30,6,
125,65,create_invoice,2020-01-01 09:09:35.581380+00:00,27,EMPTY,EMPTY,7,EMPTY,31,6,
126,70,pay_invoice,2020-01-01 09:09:46.046496+00:00,32,EMPTY,9,EMPTY,EMPTY,21,2,
127,69,pay_invoice,2020-01-01 09:09:46.046496+00:00,27,EMPTY,55,EMPTY,EMPTY,31,6,
128,68,pay_invoice,2020-01-01 09:09:46.046496+00:00,10,EMPTY,37,EMPTY,EMPTY,18,2,
129,67,pay_invoice,2020-01-01 09:09:46.046496+00:00,31,EMPTY,67,EMPTY,EMPTY,25,4,
130,66,pay_invoice,2020-01-01 09:09:46.046496+00:00,21,EMPTY,41,EMPTY,EMPTY,29,6,
131,71,pay_invoice,2020-01-01 09:25:59.302308+00:00,17,EMPTY,25,EMPTY,EMPTY,22,4,
132,71,pay_invoice,2020-01-01 09:25:59.302308+00:00,25,EMPTY,25,EMPTY,EMPTY,24,4,
133,72,pay_invoice,2020-01-01 09:25:59.302308+00:00,16,EMPTY,6,EMPTY,EMPTY,28,6,
134,73,pay_invoice,2020-01-01 09:25:59.302308+00:00,26,EMPTY,72,EMPTY,EMPTY,20,2,
135,74,confirm_rental,2020-01-01 09:41:20.232540+00:00,3,EMPTY,EMPTY,2,EMPTY,EMPTY,1,
136,74,confirm_rental,2020-01-01 09:41:20.232540+00:00,6,EMPTY,EMPTY,2,EMPTY,EMPTY,1,
137,74,confirm_rental,2020-01-01 09:41:20.232540+00:00,28,EMPTY,EMPTY,2,EMPTY,EMPTY,1,
138,75,create_invoice,2020-01-01 09:41:30.697656+00:00,19,EMPTY,EMPTY,20,EMPTY,32,5,
139,75,create_invoice,2020-01-01 09:41:30.697656+00:00,22,EMPTY,EMPTY,20,EMPTY,33,5,
140,75,create_invoice,2020-01-01 09:41:30.697656+00:00,29,EMPTY,EMPTY,20,EMPTY,34,5,
141,79,lend_inventory,2020-01-01 09:42:12.558120+00:00,6,133,8,5,EMPTY,EMPTY,1,31
142,79,lend_inventory,2020-01-01 09:42:12.558120+00:00,6,153,8,5,EMPTY,EMPTY,1,12
143,78,lend_inventory,2020-01-01 09:42:12.558120+00:00,3,110,64,6,EMPTY,EMPTY,1,68
144,77,pay_invoice,2020-01-01 09:42:12.558120+00:00,22,EMPTY,33,EMPTY,EMPTY,33,5,
145,76,pay_invoice,2020-01-01 09:42:12.558120+00:00,29,EMPTY,40,EMPTY,EMPTY,34,5,
146,78,lend_inventory,2020-01-01 09:42:12.558120+00:00,3,54,64,6,EMPTY,EMPTY,1,7
147,80,return_inventory,2020-01-01 09:58:25.813932+00:00,6,133,8,5,EMPTY,EMPTY,1,31
148,81,lend_inventory,2020-01-01 09:58:25.813932+00:00,28,166,78,5,EMPTY,EMPTY,1,46
149,81,lend_inventory,2020-01-01 09:58:25.813932+00:00,28,182,78,5,EMPTY,EMPTY,1,13
150,82,pay_invoice,2020-01-01 10:14:39.069744+00:00,19,EMPTY,12,EMPTY,EMPTY,32,5,
151,83,confirm_invoice,2020-01-01 10:29:39.069744+00:00,7,EMPTY,EMPTY,18,EMPTY,5,4,
152,83,confirm_invoice,2020-01-01 10:29:39.069744+00:00,17,EMPTY,EMPTY,18,EMPTY,22,4,
153,83,confirm_invoice,2020-01-01 10:29:39.069744+00:00,25,EMPTY,EMPTY,18,EMPTY,24,4,
154,83,confirm_invoice,2020-01-01 10:29:39.069744+00:00,31,EMPTY,EMPTY,18,EMPTY,25,4,
155,84,inspect_inventories,2020-01-01 10:30:10.465092+00:00,6,133,EMPTY,2,0,EMPTY,1,
156,85,create_invoice,2020-01-01 10:30:11.465092+00:00,6,EMPTY,EMPTY,5,EMPTY,35,1,
157,86,confirm_invoice,2020-01-01 10:30:20.930208+00:00,29,EMPTY,EMPTY,20,EMPTY,34,5,
158,86,confirm_invoice,2020-01-01 10:30:20.930208+00:00,22,EMPTY,EMPTY,20,EMPTY,33,5,
159,86,confirm_invoice,2020-01-01 10:30:20.930208+00:00,19,EMPTY,EMPTY,20,EMPTY,32,5,
160,86,confirm_invoice,2020-01-01 10:30:20.930208+00:00,14,EMPTY,EMPTY,20,EMPTY,8,5,
161,87,pay_invoice,2020-01-01 10:30:52.325556+00:00,13,EMPTY,63,EMPTY,EMPTY,14,7,
162,88,return_inventory,2020-01-01 10:30:52.325556+00:00,6,153,8,6,EMPTY,EMPTY,1,12
163,89,pay_invoice,2020-01-01 10:47:05.581368+00:00,18,EMPTY,60,EMPTY,EMPTY,23,4,
164,90,return_inventory,2020-01-01 10:47:05.581368+00:00,3,54,64,6,EMPTY,EMPTY,1,7
165,91,pay_invoice,2020-01-01 10:47:05.581368+00:00,15,EMPTY,27,EMPTY,EMPTY,27,6,
166,92,confirm_invoice,2020-01-01 11:02:47.441832+00:00,16,EMPTY,EMPTY,8,EMPTY,28,6,
167,92,confirm_invoice,2020-01-01 11:02:47.441832+00:00,15,EMPTY,EMPTY,8,EMPTY,27,6,
168,92,confirm_invoice,2020-01-01 11:02:47.441832+00:00,21,EMPTY,EMPTY,8,EMPTY,29,6,
169,92,confirm_invoice,2020-01-01 11:02:47.441832+00:00,4,EMPTY,EMPTY,8,EMPTY,3,6,
170,92,confirm_invoice,2020-01-01 11:02:47.441832+00:00,5,EMPTY,EMPTY,8,EMPTY,4,6,
171,92,confirm_invoice,2020-01-01 11:02:47.441832+00:00,27,EMPTY,EMPTY,8,EMPTY,31,6,
172,93,confirm_invoice,2020-01-01 11:18:39.767412+00:00,18,EMPTY,EMPTY,13,EMPTY,23,4,
173,94,confirm_invoice,2020-01-01 11:18:50.232528+00:00,33,EMPTY,EMPTY,19,EMPTY,16,3,
174,95,confirm_rental,2020-01-01 11:19:00.697644+00:00,4,EMPTY,EMPTY,9,EMPTY,EMPTY,6,
175,95,confirm_rental,2020-01-01 11:19:00.697644+00:00,5,EMPTY,EMPTY,9,EMPTY,EMPTY,6,
176,95,confirm_rental,2020-01-01 11:19:00.697644+00:00,15,EMPTY,EMPTY,9,EMPTY,EMPTY,6,
177,95,confirm_rental,2020-01-01 11:19:00.697644+00:00,16,EMPTY,EMPTY,9,EMPTY,EMPTY,6,
178,95,confirm_rental,2020-01-01 11:19:00.697644+00:00,21,EMPTY,EMPTY,9,EMPTY,EMPTY,6,
179,95,confirm_rental,2020-01-01 11:19:00.697644+00:00,27,EMPTY,EMPTY,9,EMPTY,EMPTY,6,
180,96,inspect_inventories,2020-01-01 11:19:11.162760+00:00,6,153,EMPTY,5,1,EMPTY,1,
181,96,inspect_inventories,2020-01-01 11:19:11.162760+00:00,3,54,EMPTY,5,2,EMPTY,1,
182,97,create_invoice,2020-01-01 11:19:12.162760+00:00,3,EMPTY,EMPTY,5,EMPTY,36,1,
183,97,create_invoice,2020-01-01 11:19:12.162760+00:00,6,EMPTY,EMPTY,5,EMPTY,37,1,
184,102,cancel_inventory,2020-01-01 11:19:32.092992+00:00,27,15,55,EMPTY,EMPTY,EMPTY,6,59
185,101,lend_inventory,2020-01-01 11:19:32.092992+00:00,5,126,34,7,EMPTY,EMPTY,6,6
186,101,lend_inventory,2020-01-01 11:19:32.092992+00:00,5,187,34,7,EMPTY,EMPTY,6,2
187,100,lend_inventory,2020-01-01 11:19:32.092992+00:00,16,92,6,7,EMPTY,EMPTY,6,54
188,100,lend_inventory,2020-01-01 11:19:32.092992+00:00,16,73,6,7,EMPTY,EMPTY,6,41
189,99,lend_inventory,2020-01-01 11:19:32.092992+00:00,15,90,27,8,EMPTY,EMPTY,6,47
190,99,lend_inventory,2020-01-01 11:19:32.092992+00:00,15,114,27,8,EMPTY,EMPTY,6,18
191,99,lend_inventory,2020-01-01 11:19:32.092992+00:00,4,55,27,8,EMPTY,EMPTY,6,36
192,99,lend_inventory,2020-01-01 11:19:32.092992+00:00,4,44,27,8,EMPTY,EMPTY,6,66
193,98,cancel_inventory,2020-01-01 11:19:32.092992+00:00,21,139,41,EMPTY,EMPTY,EMPTY,6,52
194,103,confirm_rental,2020-01-01 11:34:32.092992+00:00,14,EMPTY,EMPTY,20,EMPTY,EMPTY,5,
195,103,confirm_rental,2020-01-01 11:34:32.092992+00:00,19,EMPTY,EMPTY,20,EMPTY,EMPTY,5,
196,103,confirm_rental,2020-01-01 11:34:32.092992+00:00,22,EMPTY,EMPTY,20,EMPTY,EMPTY,5,
197,103,confirm_rental,2020-01-01 11:34:32.092992+00:00,29,EMPTY,EMPTY,20,EMPTY,EMPTY,5,
198,112,lend_inventory,2020-01-01 11:35:45.348804+00:00,21,147,41,7,EMPTY,EMPTY,6,16
199,111,lend_inventory,2020-01-01 11:35:45.348804+00:00,14,63,26,20,EMPTY,EMPTY,5,14
200,111,lend_inventory,2020-01-01 11:35:45.348804+00:00,14,189,26,20,EMPTY,EMPTY,5,4
201,110,pay_invoice,2020-01-01 11:35:45.348804+00:00,6,EMPTY,8,EMPTY,EMPTY,37,1,
202,110,pay_invoice,2020-01-01 11:35:45.348804+00:00,6,EMPTY,8,EMPTY,EMPTY,35,1,
203,110,pay_invoice,2020-01-01 11:35:45.348804+00:00,34,EMPTY,8,EMPTY,EMPTY,11,1,
204,110,pay_invoice,2020-01-01 11:35:45.348804+00:00,20,EMPTY,8,EMPTY,EMPTY,9,1,
205,105,lend_inventory,2020-01-01 11:35:45.348804+00:00,22,198,33,20,EMPTY,EMPTY,5,25
206,108,cancel_inventory,2020-01-01 11:35:45.348804+00:00,19,89,12,EMPTY,EMPTY,EMPTY,5,15
207,107,lend_inventory,2020-01-01 11:35:45.348804+00:00,27,130,55,8,EMPTY,EMPTY,6,21
208,106,return_inventory,2020-01-01 11:35:45.348804+00:00,16,73,6,7,EMPTY,EMPTY,6,41
209,105,lend_inventory,2020-01-01 11:35:45.348804+00:00,22,138,33,20,EMPTY,EMPTY,5,8
210,104,lend_inventory,2020-01-01 11:35:45.348804+00:00,29,58,40,20,EMPTY,EMPTY,5,50
211,104,lend_inventory,2020-01-01 11:35:45.348804+00:00,29,72,40,20,EMPTY,EMPTY,5,11
212,109,pay_invoice,2020-01-01 11:35:45.348804+00:00,3,EMPTY,64,EMPTY,EMPTY,36,1,
213,113,confirm_invoice,2020-01-01 11:51:06.279036+00:00,13,EMPTY,EMPTY,14,EMPTY,14,7,
214,119,return_inventory,2020-01-01 11:51:58.604616+00:00,29,58,40,20,EMPTY,EMPTY,5,50
215,118,cancel_inventory,2020-01-01 11:51:58.604616+00:00,19,45,12,EMPTY,EMPTY,EMPTY,5,22
216,116,return_inventory,2020-01-01 11:51:58.604616+00:00,27,130,55,8,EMPTY,EMPTY,6,21
217,117,return_inventory,2020-01-01 11:51:58.604616+00:00,14,189,26,20,EMPTY,EMPTY,5,4
218,115,pay_invoice,2020-01-01 11:51:58.604616+00:00,12,EMPTY,62,EMPTY,EMPTY,26,6,
219,114,return_inventory,2020-01-01 11:51:58.604616+00:00,21,147,41,8,EMPTY,EMPTY,6,16
220,115,pay_invoice,2020-01-01 11:51:58.604616+00:00,23,EMPTY,62,EMPTY,EMPTY,30,6,
221,120,inspect_inventories,2020-01-01 12:07:19.534848+00:00,16,73,EMPTY,7,3,EMPTY,6,
222,120,inspect_inventories,2020-01-01 12:07:19.534848+00:00,21,147,EMPTY,7,4,EMPTY,6,
223,120,inspect_inventories,2020-01-01 12:07:19.534848+00:00,27,130,EMPTY,7,5,EMPTY,6,
224,121,create_invoice,2020-01-01 12:07:20.534848+00:00,16,EMPTY,EMPTY,7,EMPTY,38,6,
225,121,create_invoice,2020-01-01 12:07:20.534848+00:00,21,EMPTY,EMPTY,7,EMPTY,39,6,
226,122,confirm_rental,2020-01-01 12:08:01.395312+00:00,33,EMPTY,EMPTY,15,EMPTY,EMPTY,3,
227,123,return_inventory,2020-01-01 12:08:11.860428+00:00,28,166,78,6,EMPTY,EMPTY,1,46
228,124,return_inventory,2020-01-01 12:08:11.860428+00:00,16,92,6,7,EMPTY,EMPTY,6,54
229,125,confirm_rental,2020-01-01 12:23:11.860428+00:00,30,EMPTY,EMPTY,11,EMPTY,EMPTY,7,
230,125,confirm_rental,2020-01-01 12:23:11.860428+00:00,11,EMPTY,EMPTY,11,EMPTY,EMPTY,7,
231,125,confirm_rental,2020-01-01 12:23:11.860428+00:00,13,EMPTY,EMPTY,11,EMPTY,EMPTY,7,
232,125,confirm_rental,2020-01-01 12:23:11.860428+00:00,1,EMPTY,EMPTY,11,EMPTY,EMPTY,7,
233,125,confirm_rental,2020-01-01 12:23:11.860428+00:00,9,EMPTY,EMPTY,11,EMPTY,EMPTY,7,
234,125,confirm_rental,2020-01-01 12:23:11.860428+00:00,0,EMPTY,EMPTY,11,EMPTY,EMPTY,7,
235,126,confirm_rental,2020-01-01 12:23:43.255776+00:00,7,EMPTY,EMPTY,13,EMPTY,EMPTY,4,
236,126,confirm_rental,2020-01-01 12:23:43.255776+00:00,17,EMPTY,EMPTY,13,EMPTY,EMPTY,4,
237,126,confirm_rental,2020-01-01 12:23:43.255776+00:00,18,EMPTY,EMPTY,13,EMPTY,EMPTY,4,
238,126,confirm_rental,2020-01-01 12:23:43.255776+00:00,25,EMPTY,EMPTY,13,EMPTY,EMPTY,4,
239,126,confirm_rental,2020-01-01 12:23:43.255776+00:00,31,EMPTY,EMPTY,13,EMPTY,EMPTY,4,
240,127,confirm_invoice,2020-01-01 12:24:04.186008+00:00,6,EMPTY,EMPTY,2,EMPTY,37,1,
241,127,confirm_invoice,2020-01-01 12:24:04.186008+00:00,3,EMPTY,EMPTY,2,EMPTY,36,1,
242,127,confirm_invoice,2020-01-01 12:24:04.186008+00:00,20,EMPTY,EMPTY,2,EMPTY,9,1,
243,127,confirm_invoice,2020-01-01 12:24:04.186008+00:00,34,EMPTY,EMPTY,2,EMPTY,11,1,
244,127,confirm_invoice,2020-01-01 12:24:04.186008+00:00,6,EMPTY,EMPTY,2,EMPTY,35,1,
245,133,cancel_inventory,2020-01-01 12:24:25.116240+00:00,7,171,53,EMPTY,EMPTY,EMPTY,4,44
246,135,cancel_inventory,2020-01-01 12:24:25.116240+00:00,9,127,35,EMPTY,EMPTY,EMPTY,7,32
247,134,lend_inventory,2020-01-01 12:24:25.116240+00:00,13,172,63,17,EMPTY,EMPTY,7,63
248,134,lend_inventory,2020-01-01 12:24:25.116240+00:00,13,179,63,17,EMPTY,EMPTY,7,1
249,132,cancel_inventory,2020-01-01 12:24:25.116240+00:00,17,59,25,EMPTY,EMPTY,EMPTY,4,9
250,128,lend_inventory,2020-01-01 12:24:25.116240+00:00,33,168,38,12,EMPTY,EMPTY,3,55
251,130,return_inventory,2020-01-01 12:24:25.116240+00:00,22,138,33,20,EMPTY,EMPTY,5,8
252,129,pay_invoice,2020-01-01 12:24:25.116240+00:00,21,EMPTY,41,EMPTY,EMPTY,39,6,
253,128,lend_inventory,2020-01-01 12:24:25.116240+00:00,33,105,38,12,EMPTY,EMPTY,3,65
254,131,cancel_inventory,2020-01-01 12:24:25.116240+00:00,18,69,60,EMPTY,EMPTY,EMPTY,4,38
255,136,inspect_inventories,2020-01-01 12:39:46.046472+00:00,16,92,EMPTY,7,9,EMPTY,6,
256,140,lend_inventory,2020-01-01 12:40:38.372052+00:00,30,41,56,11,EMPTY,EMPTY,7,3
257,141,return_inventory,2020-01-01 12:40:38.372052+00:00,33,168,38,10,EMPTY,EMPTY,3,55
258,140,lend_inventory,2020-01-01 12:40:38.372052+00:00,30,165,56,11,EMPTY,EMPTY,7,24
259,139,lend_inventory,2020-01-01 12:40:38.372052+00:00,11,173,49,11,EMPTY,EMPTY,7,42
260,139,lend_inventory,2020-01-01 12:40:38.372052+00:00,1,91,49,11,EMPTY,EMPTY,7,64
261,139,lend_inventory,2020-01-01 12:40:38.372052+00:00,1,9,49,11,EMPTY,EMPTY,7,19
262,138,return_inventory,2020-01-01 12:40:38.372052+00:00,13,172,63,17,EMPTY,EMPTY,7,63
263,137,return_inventory,2020-01-01 12:40:38.372052+00:00,22,198,33,20,EMPTY,EMPTY,5,25
264,139,lend_inventory,2020-01-01 12:40:38.372052+00:00,11,145,49,11,EMPTY,EMPTY,7,30
265,142,inspect_inventories,2020-01-01 12:56:30.697632+00:00,28,166,EMPTY,1,8,EMPTY,1,
266,143,create_invoice,2020-01-01 12:56:31.697632+00:00,28,EMPTY,EMPTY,1,EMPTY,40,1,
267,150,lend_inventory,2020-01-01 12:56:51.627864+00:00,0,123,35,11,EMPTY,EMPTY,7,61
268,150,lend_inventory,2020-01-01 12:56:51.627864+00:00,9,144,35,11,EMPTY,EMPTY,7,17
269,150,lend_inventory,2020-01-01 12:56:51.627864+00:00,0,193,35,11,EMPTY,EMPTY,7,60
270,148,pay_invoice,2020-01-01 12:56:51.627864+00:00,16,EMPTY,6,EMPTY,EMPTY,38,6,
271,149,cancel_inventory,2020-01-01 12:56:51.627864+00:00,18,11,60,EMPTY,EMPTY,EMPTY,4,39
272,146,cancel_inventory,2020-01-01 12:56:51.627864+00:00,31,143,67,EMPTY,EMPTY,EMPTY,4,10
273,145,return_inventory,2020-01-01 12:56:51.627864+00:00,33,105,38,15,EMPTY,EMPTY,3,65
274,144,pay_invoice,2020-01-01 12:56:51.627864+00:00,28,EMPTY,78,EMPTY,EMPTY,40,1,
275,147,cancel_inventory,2020-01-01 12:56:51.627864+00:00,7,36,53,EMPTY,EMPTY,EMPTY,4,48
276,151,lend_inventory,2020-01-01 13:13:04.883676+00:00,31,51,67,4,EMPTY,EMPTY,4,45
277,152,return_inventory,2020-01-01 13:13:04.883676+00:00,13,179,63,14,EMPTY,EMPTY,7,1
278,153,cancel_inventory,2020-01-01 13:13:04.883676+00:00,25,200,25,EMPTY,EMPTY,EMPTY,4,53
279,154,return_inventory,2020-01-01 13:13:04.883676+00:00,0,193,35,14,EMPTY,EMPTY,7,60
280,154,return_inventory,2020-01-01 13:13:04.883676+00:00,0,123,35,14,EMPTY,EMPTY,7,61
281,154,return_inventory,2020-01-01 13:13:04.883676+00:00,9,144,35,14,EMPTY,EMPTY,7,17
282,155,inspect_inventories,2020-01-01 13:28:57.209256+00:00,0,123,EMPTY,11,17,EMPTY,7,
283,155,inspect_inventories,2020-01-01 13:28:57.209256+00:00,0,193,EMPTY,11,16,EMPTY,7,
284,155,inspect_inventories,2020-01-01 13:28:57.209256+00:00,9,144,EMPTY,11,18,EMPTY,7,
285,155,inspect_inventories,2020-01-01 13:28:57.209256+00:00,13,172,EMPTY,11,12,EMPTY,7,
286,155,inspect_inventories,2020-01-01 13:28:57.209256+00:00,13,179,EMPTY,11,15,EMPTY,7,
287,156,create_invoice,2020-01-01 13:28:58.209256+00:00,9,EMPTY,EMPTY,17,EMPTY,41,7,
288,157,confirm_invoice,2020-01-01 13:29:07.674372+00:00,28,EMPTY,EMPTY,2,EMPTY,40,1,
289,158,return_inventory,2020-01-01 13:29:18.139488+00:00,5,126,34,9,EMPTY,EMPTY,6,6
290,159,pay_invoice,2020-01-01 13:29:18.139488+00:00,9,EMPTY,35,EMPTY,EMPTY,41,7,
291,160,inspect_inventories,2020-01-01 13:45:10.465068+00:00,5,126,EMPTY,7,19,EMPTY,6,
292,161,confirm_invoice,2020-01-01 13:45:20.930184+00:00,2,EMPTY,EMPTY,16,EMPTY,2,2,
293,161,confirm_invoice,2020-01-01 13:45:20.930184+00:00,8,EMPTY,EMPTY,16,EMPTY,17,2,
294,161,confirm_invoice,2020-01-01 13:45:20.930184+00:00,10,EMPTY,EMPTY,16,EMPTY,18,2,
295,161,confirm_invoice,2020-01-01 13:45:20.930184+00:00,24,EMPTY,EMPTY,16,EMPTY,19,2,
296,161,confirm_invoice,2020-01-01 13:45:20.930184+00:00,26,EMPTY,EMPTY,16,EMPTY,20,2,
297,161,confirm_invoice,2020-01-01 13:45:20.930184+00:00,32,EMPTY,EMPTY,16,EMPTY,21,2,
298,162,return_inventory,2020-01-01 13:45:31.395300+00:00,29,72,40,20,EMPTY,EMPTY,5,11
299,163,return_inventory,2020-01-01 13:45:31.395300+00:00,30,41,56,11,EMPTY,EMPTY,7,3
300,163,return_inventory,2020-01-01 13:45:31.395300+00:00,30,165,56,11,EMPTY,EMPTY,7,24
301,164,return_inventory,2020-01-01 13:45:31.395300+00:00,1,9,49,11,EMPTY,EMPTY,7,19
302,165,return_inventory,2020-01-01 13:45:31.395300+00:00,31,51,67,18,EMPTY,EMPTY,4,45
303,167,return_inventory,2020-01-01 14:01:44.651112+00:00,15,90,27,9,EMPTY,EMPTY,6,47
304,168,return_inventory,2020-01-01 14:01:44.651112+00:00,28,182,78,5,EMPTY,EMPTY,1,13
305,166,lend_inventory,2020-01-01 14:01:44.651112+00:00,17,156,25,4,EMPTY,EMPTY,4,23
306,166,lend_inventory,2020-01-01 14:01:44.651112+00:00,25,86,25,4,EMPTY,EMPTY,4,0
307,169,confirm_rental,2020-01-01 14:17:26.511576+00:00,20,EMPTY,EMPTY,2,EMPTY,EMPTY,1,
308,169,confirm_rental,2020-01-01 14:17:26.511576+00:00,34,EMPTY,EMPTY,2,EMPTY,EMPTY,1,
309,170,confirm_rental,2020-01-01 14:17:47.441808+00:00,26,EMPTY,EMPTY,16,EMPTY,EMPTY,2,
310,170,confirm_rental,2020-01-01 14:17:47.441808+00:00,24,EMPTY,EMPTY,16,EMPTY,EMPTY,2,
311,170,confirm_rental,2020-01-01 14:17:47.441808+00:00,32,EMPTY,EMPTY,16,EMPTY,EMPTY,2,
312,170,confirm_rental,2020-01-01 14:17:47.441808+00:00,8,EMPTY,EMPTY,16,EMPTY,EMPTY,2,
313,170,confirm_rental,2020-01-01 14:17:47.441808+00:00,2,EMPTY,EMPTY,16,EMPTY,EMPTY,2,
314,170,confirm_rental,2020-01-01 14:17:47.441808+00:00,10,EMPTY,EMPTY,16,EMPTY,EMPTY,2,
315,175,lend_inventory,2020-01-01 14:17:57.906924+00:00,24,78,30,16,EMPTY,EMPTY,2,58
316,178,lend_inventory,2020-01-01 14:17:57.906924+00:00,34,142,8,1,EMPTY,EMPTY,1,29
317,178,lend_inventory,2020-01-01 14:17:57.906924+00:00,34,160,8,1,EMPTY,EMPTY,1,67
318,178,lend_inventory,2020-01-01 14:17:57.906924+00:00,20,30,8,1,EMPTY,EMPTY,1,20
319,178,lend_inventory,2020-01-01 14:17:57.906924+00:00,20,194,8,1,EMPTY,EMPTY,1,51
320,177,cancel_inventory,2020-01-01 14:17:57.906924+00:00,2,70,58,EMPTY,EMPTY,EMPTY,2,28
321,176,lend_inventory,2020-01-01 14:17:57.906924+00:00,32,158,9,16,EMPTY,EMPTY,2,34
322,176,lend_inventory,2020-01-01 14:17:57.906924+00:00,32,1,9,16,EMPTY,EMPTY,2,43
323,175,lend_inventory,2020-01-01 14:17:57.906924+00:00,24,40,30,16,EMPTY,EMPTY,2,57
324,172,lend_inventory,2020-01-01 14:17:57.906924+00:00,10,162,37,16,EMPTY,EMPTY,2,27
325,174,lend_inventory,2020-01-01 14:17:57.906924+00:00,8,192,79,16,EMPTY,EMPTY,2,62
326,173,return_inventory,2020-01-01 14:17:57.906924+00:00,11,173,49,14,EMPTY,EMPTY,7,42
327,173,return_inventory,2020-01-01 14:17:57.906924+00:00,11,145,49,14,EMPTY,EMPTY,7,30
328,173,return_inventory,2020-01-01 14:17:57.906924+00:00,1,91,49,14,EMPTY,EMPTY,7,64
329,172,lend_inventory,2020-01-01 14:17:57.906924+00:00,10,103,37,16,EMPTY,EMPTY,2,56
330,171,return_inventory,2020-01-01 14:17:57.906924+00:00,4,55,27,7,EMPTY,EMPTY,6,36
331,171,return_inventory,2020-01-01 14:17:57.906924+00:00,4,44,27,7,EMPTY,EMPTY,6,66
332,174,lend_inventory,2020-01-01 14:17:57.906924+00:00,8,85,79,16,EMPTY,EMPTY,2,40
333,179,inspect_inventories,2020-01-01 14:33:18.837156+00:00,29,72,EMPTY,20,20,EMPTY,5,
334,179,inspect_inventories,2020-01-01 14:33:18.837156+00:00,22,198,EMPTY,20,11,EMPTY,5,
335,179,inspect_inventories,2020-01-01 14:33:18.837156+00:00,22,138,EMPTY,20,10,EMPTY,5,
336,179,inspect_inventories,2020-01-01 14:33:18.837156+00:00,14,189,EMPTY,20,6,EMPTY,5,
337,179,inspect_inventories,2020-01-01 14:33:18.837156+00:00,29,58,EMPTY,20,7,EMPTY,5,
338,180,create_invoice,2020-01-01 14:33:19.837156+00:00,22,EMPTY,EMPTY,20,EMPTY,42,5,
339,180,create_invoice,2020-01-01 14:33:19.837156+00:00,29,EMPTY,EMPTY,20,EMPTY,43,5,
340,181,confirm_invoice,2020-01-01 14:33:29.302272+00:00,12,EMPTY,EMPTY,9,EMPTY,26,6,
341,181,confirm_invoice,2020-01-01 14:33:29.302272+00:00,23,EMPTY,EMPTY,9,EMPTY,30,6,
342,181,confirm_invoice,2020-01-01 14:33:29.302272+00:00,16,EMPTY,EMPTY,9,EMPTY,38,6,
343,181,confirm_invoice,2020-01-01 14:33:29.302272+00:00,21,EMPTY,EMPTY,9,EMPTY,39,6,
344,182,inspect_inventories,2020-01-01 14:33:39.767388+00:00,11,145,EMPTY,17,30,EMPTY,7,
345,182,inspect_inventories,2020-01-01 14:33:39.767388+00:00,1,91,EMPTY,17,29,EMPTY,7,
346,182,inspect_inventories,2020-01-01 14:33:39.767388+00:00,11,173,EMPTY,17,31,EMPTY,7,
347,182,inspect_inventories,2020-01-01 14:33:39.767388+00:00,30,165,EMPTY,17,22,EMPTY,7,
348,182,inspect_inventories,2020-01-01 14:33:39.767388+00:00,1,9,EMPTY,17,23,EMPTY,7,
349,182,inspect_inventories,2020-01-01 14:33:39.767388+00:00,30,41,EMPTY,17,21,EMPTY,7,
350,183,create_invoice,2020-01-01 14:33:40.767388+00:00,1,EMPTY,EMPTY,14,EMPTY,44,7,
351,183,create_invoice,2020-01-01 14:33:40.767388+00:00,11,EMPTY,EMPTY,14,EMPTY,45,7,
352,183,create_invoice,2020-01-01 14:33:40.767388+00:00,30,EMPTY,EMPTY,14,EMPTY,46,7,
353,184,inspect_inventories,2020-01-01 14:33:50.232504+00:00,31,51,EMPTY,18,24,EMPTY,4,
354,188,lend_inventory,2020-01-01 14:34:11.162736+00:00,26,150,72,16,EMPTY,EMPTY,2,5
355,188,lend_inventory,2020-01-01 14:34:11.162736+00:00,26,8,72,16,EMPTY,EMPTY,2,37
356,187,return_inventory,2020-01-01 14:34:11.162736+00:00,34,142,8,1,EMPTY,EMPTY,1,29
357,189,cancel_inventory,2020-01-01 14:34:11.162736+00:00,2,37,58,EMPTY,EMPTY,EMPTY,2,26
358,187,return_inventory,2020-01-01 14:34:11.162736+00:00,20,194,8,1,EMPTY,EMPTY,1,51
359,186,pay_invoice,2020-01-01 14:34:11.162736+00:00,30,EMPTY,56,EMPTY,EMPTY,46,7,
360,185,return_inventory,2020-01-01 14:34:11.162736+00:00,17,156,25,18,EMPTY,EMPTY,4,23
361,187,return_inventory,2020-01-01 14:34:11.162736+00:00,20,30,8,1,EMPTY,EMPTY,1,20
362,190,inspect_inventories,2020-01-01 14:49:32.092968+00:00,33,168,EMPTY,10,13,EMPTY,3,
363,190,inspect_inventories,2020-01-01 14:49:32.092968+00:00,33,105,EMPTY,10,14,EMPTY,3,
364,191,create_invoice,2020-01-01 14:49:33.092968+00:00,33,EMPTY,EMPTY,10,EMPTY,47,3,
365,194,return_inventory,2020-01-01 14:50:24.418548+00:00,14,63,26,20,EMPTY,EMPTY,5,14
366,193,return_inventory,2020-01-01 14:50:24.418548+00:00,8,85,79,16,EMPTY,EMPTY,2,40
367,192,return_inventory,2020-01-01 14:50:24.418548+00:00,10,162,37,16,EMPTY,EMPTY,2,27
368,195,inspect_inventories,2020-01-01 15:05:45.348780+00:00,14,63,EMPTY,20,38,EMPTY,5,
369,196,inspect_inventories,2020-01-01 15:06:16.744128+00:00,17,156,EMPTY,4,32,EMPTY,4,
370,197,inspect_inventories,2020-01-01 15:06:27.209244+00:00,10,162,EMPTY,16,36,EMPTY,2,
371,197,inspect_inventories,2020-01-01 15:06:27.209244+00:00,8,85,EMPTY,16,37,EMPTY,2,
372,198,create_invoice,2020-01-01 15:06:28.209244+00:00,10,EMPTY,EMPTY,16,EMPTY,49,2,
373,198,create_invoice,2020-01-01 15:06:28.209244+00:00,8,EMPTY,EMPTY,16,EMPTY,48,2,
374,201,pay_invoice,2020-01-01 15:06:37.674360+00:00,10,EMPTY,37,EMPTY,EMPTY,49,2,
375,200,return_inventory,2020-01-01 15:06:37.674360+00:00,32,158,9,16,EMPTY,EMPTY,2,34
376,199,return_inventory,2020-01-01 15:06:37.674360+00:00,3,110,64,2,EMPTY,EMPTY,1,68
377,200,return_inventory,2020-01-01 15:06:37.674360+00:00,32,1,9,16,EMPTY,EMPTY,2,43
378,202,inspect_inventories,2020-01-01 15:21:58.604592+00:00,32,1,EMPTY,16,40,EMPTY,2,
379,202,inspect_inventories,2020-01-01 15:21:58.604592+00:00,32,158,EMPTY,16,41,EMPTY,2,
380,203,create_invoice,2020-01-01 15:21:59.604592+00:00,32,EMPTY,EMPTY,16,EMPTY,50,2,
381,204,inspect_inventories,2020-01-01 15:22:09.069708+00:00,28,182,EMPTY,1,26,EMPTY,1,
382,204,inspect_inventories,2020-01-01 15:22:09.069708+00:00,20,194,EMPTY,1,33,EMPTY,1,
383,204,inspect_inventories,2020-01-01 15:22:09.069708+00:00,20,30,EMPTY,1,34,EMPTY,1,
384,204,inspect_inventories,2020-01-01 15:22:09.069708+00:00,34,142,EMPTY,1,35,EMPTY,1,
385,204,inspect_inventories,2020-01-01 15:22:09.069708+00:00,3,110,EMPTY,1,39,EMPTY,1,
386,205,create_invoice,2020-01-01 15:22:10.069708+00:00,3,EMPTY,EMPTY,2,EMPTY,51,1,
387,205,create_invoice,2020-01-01 15:22:10.069708+00:00,20,EMPTY,EMPTY,2,EMPTY,52,1,
388,206,inspect_inventories,2020-01-01 15:22:40.465056+00:00,4,44,EMPTY,7,27,EMPTY,6,
389,206,inspect_inventories,2020-01-01 15:22:40.465056+00:00,15,90,EMPTY,7,25,EMPTY,6,
390,206,inspect_inventories,2020-01-01 15:22:40.465056+00:00,4,55,EMPTY,7,28,EMPTY,6,
391,207,create_invoice,2020-01-01 15:22:41.465056+00:00,4,EMPTY,EMPTY,8,EMPTY,53,6,
392,208,pay_invoice,2020-01-01 15:22:50.930172+00:00,4,EMPTY,27,EMPTY,EMPTY,53,6,
393,209,return_inventory,2020-01-01 15:22:50.930172+00:00,24,40,30,16,EMPTY,EMPTY,2,57
394,209,return_inventory,2020-01-01 15:22:50.930172+00:00,24,78,30,16,EMPTY,EMPTY,2,58
395,210,return_inventory,2020-01-01 15:22:50.930172+00:00,8,192,79,16,EMPTY,EMPTY,2,62
396,211,pay_invoice,2020-01-01 15:22:50.930172+00:00,22,EMPTY,33,EMPTY,EMPTY,42,5,
397,212,return_inventory,2020-01-01 15:22:50.930172+00:00,5,187,34,9,EMPTY,EMPTY,6,2
398,213,pay_invoice,2020-01-01 15:22:50.930172+00:00,32,EMPTY,9,EMPTY,EMPTY,50,2,
399,214,pay_invoice,2020-01-01 15:22:50.930172+00:00,20,EMPTY,8,EMPTY,EMPTY,52,1,
400,215,inspect_inventories,2020-01-01 15:37:50.930172+00:00,5,187,EMPTY,8,45,EMPTY,6,
401,216,create_invoice,2020-01-01 15:37:51.930172+00:00,5,EMPTY,EMPTY,9,EMPTY,54,6,
402,217,confirm_invoice,2020-01-01 15:38:32.790636+00:00,20,EMPTY,EMPTY,5,EMPTY,52,1,
403,218,confirm_invoice,2020-01-01 15:54:14.651100+00:00,4,EMPTY,EMPTY,8,EMPTY,53,6,
404,219,confirm_invoice,2020-01-01 15:54:46.046448+00:00,32,EMPTY,EMPTY,16,EMPTY,50,2,
405,219,confirm_invoice,2020-01-01 15:54:46.046448+00:00,10,EMPTY,EMPTY,16,EMPTY,49,2,
406,222,pay_invoice,2020-01-01 15:55:17.441796+00:00,29,EMPTY,40,EMPTY,EMPTY,43,5,
407,220,return_inventory,2020-01-01 15:55:17.441796+00:00,15,114,27,7,EMPTY,EMPTY,6,18
408,221,pay_invoice,2020-01-01 15:55:17.441796+00:00,8,EMPTY,79,EMPTY,EMPTY,48,2,
409,223,confirm_invoice,2020-01-01 16:27:02.092956+00:00,8,EMPTY,EMPTY,16,EMPTY,48,2,
410,224,inspect_inventories,2020-01-01 16:27:12.558072+00:00,15,114,EMPTY,9,46,EMPTY,6,
411,225,create_invoice,2020-01-01 16:27:13.558072+00:00,15,EMPTY,EMPTY,7,EMPTY,55,6,
412,226,inspect_inventories,2020-01-01 16:43:46.744116+00:00,24,40,EMPTY,16,42,EMPTY,2,
413,226,inspect_inventories,2020-01-01 16:43:46.744116+00:00,24,78,EMPTY,16,43,EMPTY,2,
414,226,inspect_inventories,2020-01-01 16:43:46.744116+00:00,8,192,EMPTY,16,44,EMPTY,2,
415,227,create_invoice,2020-01-01 16:43:47.744116+00:00,24,EMPTY,EMPTY,16,EMPTY,56,2,
416,228,return_inventory,2020-01-01 16:43:57.209232+00:00,26,150,72,16,EMPTY,EMPTY,2,5
417,229,pay_invoice,2020-01-01 16:43:57.209232+00:00,24,EMPTY,30,EMPTY,EMPTY,56,2,
418,230,pay_invoice,2020-01-01 17:00:10.465044+00:00,15,EMPTY,27,EMPTY,EMPTY,55,6,
419,231,return_inventory,2020-01-01 17:00:10.465044+00:00,10,103,37,16,EMPTY,EMPTY,2,56
420,232,confirm_rental,2020-01-01 17:15:52.325508+00:00,12,EMPTY,EMPTY,7,EMPTY,EMPTY,6,
421,232,confirm_rental,2020-01-01 17:15:52.325508+00:00,23,EMPTY,EMPTY,7,EMPTY,EMPTY,6,
422,233,confirm_invoice,2020-01-01 17:16:02.790624+00:00,30,EMPTY,EMPTY,17,EMPTY,46,7,
423,233,confirm_invoice,2020-01-01 17:16:02.790624+00:00,9,EMPTY,EMPTY,17,EMPTY,41,7,
424,234,inspect_inventories,2020-01-01 17:32:05.581320+00:00,26,150,EMPTY,16,47,EMPTY,2,
425,234,inspect_inventories,2020-01-01 17:32:05.581320+00:00,10,103,EMPTY,16,48,EMPTY,2,
426,235,pay_invoice,2020-01-01 17:32:36.976668+00:00,5,EMPTY,34,EMPTY,EMPTY,54,6,
427,236,pay_invoice,2020-01-01 17:32:36.976668+00:00,3,EMPTY,64,EMPTY,EMPTY,51,1,
428,237,lend_inventory,2020-01-01 17:32:36.976668+00:00,12,68,62,7,EMPTY,EMPTY,6,49
429,237,lend_inventory,2020-01-01 17:32:36.976668+00:00,12,23,62,7,EMPTY,EMPTY,6,33
430,237,lend_inventory,2020-01-01 17:32:36.976668+00:00,23,26,62,7,EMPTY,EMPTY,6,35
431,237,lend_inventory,2020-01-01 17:32:36.976668+00:00,23,99,62,7,EMPTY,EMPTY,6,69
432,238,pay_invoice,2020-01-01 18:05:03.488292+00:00,33,EMPTY,38,EMPTY,EMPTY,47,3,
433,239,confirm_invoice,2020-01-01 18:20:34.883640+00:00,5,EMPTY,EMPTY,9,EMPTY,54,6,
434,239,confirm_invoice,2020-01-01 18:20:34.883640+00:00,15,EMPTY,EMPTY,9,EMPTY,55,6,
435,242,return_inventory,2020-01-01 18:21:16.744104+00:00,34,160,8,1,EMPTY,EMPTY,1,67
436,241,pay_invoice,2020-01-01 18:21:16.744104+00:00,11,EMPTY,49,EMPTY,EMPTY,45,7,
437,241,pay_invoice,2020-01-01 18:21:16.744104+00:00,1,EMPTY,49,EMPTY,EMPTY,44,7,
438,240,return_inventory,2020-01-01 18:21:16.744104+00:00,25,86,25,4,EMPTY,EMPTY,4,0
439,243,confirm_invoice,2020-01-01 18:36:48.139452+00:00,24,EMPTY,EMPTY,16,EMPTY,56,2,
440,244,inspect_inventories,2020-01-01 18:37:09.069684+00:00,34,160,EMPTY,1,50,EMPTY,1,
441,245,inspect_inventories,2020-01-01 18:37:19.534800+00:00,25,86,EMPTY,13,49,EMPTY,4,
442,246,confirm_invoice,2020-01-01 18:52:40.465032+00:00,3,EMPTY,EMPTY,6,EMPTY,51,1,
443,247,confirm_invoice,2020-01-01 19:42:02.092932+00:00,22,EMPTY,EMPTY,20,EMPTY,42,5,
444,247,confirm_invoice,2020-01-01 19:42:02.092932+00:00,29,EMPTY,EMPTY,20,EMPTY,43,5,
445,248,return_inventory,2020-01-01 20:14:49.534788+00:00,12,68,62,7,EMPTY,EMPTY,6,49
446,248,return_inventory,2020-01-01 20:14:49.534788+00:00,12,23,62,7,EMPTY,EMPTY,6,33
447,248,return_inventory,2020-01-01 20:14:49.534788+00:00,23,26,62,7,EMPTY,EMPTY,6,35
448,249,confirm_invoice,2020-01-01 20:30:10.465020+00:00,33,EMPTY,EMPTY,19,EMPTY,47,3,
449,250,return_inventory,2020-01-01 20:31:02.790600+00:00,23,99,62,8,EMPTY,EMPTY,6,69
450,251,return_inventory,2020-01-01 20:31:02.790600+00:00,26,8,72,16,EMPTY,EMPTY,2,37
451,252,inspect_inventories,2020-01-01 21:02:36.976644+00:00,26,8,EMPTY,16,55,EMPTY,2,
452,253,create_invoice,2020-01-01 21:02:37.976644+00:00,26,EMPTY,EMPTY,16,EMPTY,57,2,
453,254,inspect_inventories,2020-01-01 21:34:53.023152+00:00,12,68,EMPTY,8,51,EMPTY,6,
454,254,inspect_inventories,2020-01-01 21:34:53.023152+00:00,12,23,EMPTY,8,52,EMPTY,6,
455,254,inspect_inventories,2020-01-01 21:34:53.023152+00:00,23,26,EMPTY,8,53,EMPTY,6,
456,254,inspect_inventories,2020-01-01 21:34:53.023152+00:00,23,99,EMPTY,8,54,EMPTY,6,
457,255,create_invoice,2020-01-01 21:34:54.023152+00:00,12,EMPTY,EMPTY,9,EMPTY,58,6,
458,255,create_invoice,2020-01-01 21:34:54.023152+00:00,23,EMPTY,EMPTY,9,EMPTY,59,6,
459,256,pay_invoice,2020-01-01 21:35:55.813848+00:00,26,EMPTY,72,EMPTY,EMPTY,57,2,
460,257,confirm_invoice,2020-01-01 22:23:32.790588+00:00,1,EMPTY,EMPTY,17,EMPTY,44,7,
461,257,confirm_invoice,2020-01-01 22:23:32.790588+00:00,11,EMPTY,EMPTY,17,EMPTY,45,7,
462,258,pay_invoice,2020-01-01 22:24:35.581284+00:00,12,EMPTY,62,EMPTY,EMPTY,58,6,
463,258,pay_invoice,2020-01-01 22:24:35.581284+00:00,23,EMPTY,62,EMPTY,EMPTY,59,6,
464,259,confirm_invoice,2020-01-01 23:28:25.813836+00:00,26,EMPTY,EMPTY,16,EMPTY,57,2,
465,260,confirm_invoice,2020-01-01 23:28:57.209184+00:00,12,EMPTY,EMPTY,7,EMPTY,58,6,
466,260,confirm_invoice,2020-01-01 23:28:57.209184+00:00,23,EMPTY,EMPTY,7,EMPTY,59,6,
