,activity,timestamp,rental,inventory,customer,staff,inspection,payment
0,create_rental,2020-01-01 00:00:00,0,"[129, 30]",1,EMPTY,EMPTY,EMPTY
1,create_payment,2020-01-01 00:01:35,0,EMPTY,EMPTY,9,EMPTY,0
2,create_rental,2020-01-01 07:17:20,1,"[150, 71]",2,EMPTY,EMPTY,EMPTY
3,create_payment,2020-01-01 07:18:13,1,EMPTY,EMPTY,17,EMPTY,1
4,confirm_payment,2020-01-01 15:24:35,EMPTY,EMPTY,EMPTY,16,EMPTY,0
5,confirm_rental,2020-01-01 15:25:53,0,EMPTY,EMPTY,EMPTY,EMPTY,EMPTY
6,create_rental,2020-01-01 22:31:53,2,"[104, 105]",3,EMPTY,EMPTY,EMPTY
7,create_payment,2020-01-01 22:32:31,2,EMPTY,EMPTY,15,EMPTY,2
8,confirm_payment,2020-01-02 00:29:31,EMPTY,EMPTY,EMPTY,20,EMPTY,2
9,confirm_rental,2020-01-02 00:30:38,2,EMPTY,EMPTY,EMPTY,EMPTY,EMPTY
10,confirm_payment,2020-01-02 06:03:13,EMPTY,EMPTY,EMPTY,3,EMPTY,1
11,confirm_rental,2020-01-02 06:03:52,1,EMPTY,EMPTY,EMPTY,EMPTY,EMPTY
12,create_rental,2020-01-02 15:00:52,3,"[156, 143]",4,EMPTY,EMPTY,EMPTY
13,create_payment,2020-01-02 15:02:05,3,EMPTY,EMPTY,15,EMPTY,3
14,create_rental,2020-01-03 03:05:45,4,"[138, 155]",5,EMPTY,EMPTY,EMPTY
15,create_payment,2020-01-03 03:07:20,4,EMPTY,EMPTY,7,EMPTY,4
16,cancel_inventory,2020-01-03 03:35:23,1,[150],2,EMPTY,EMPTY,EMPTY
17,confirm_payment,2020-01-03 03:53:20,EMPTY,EMPTY,EMPTY,11,EMPTY,4
18,confirm_rental,2020-01-03 03:54:53,4,EMPTY,EMPTY,EMPTY,EMPTY,EMPTY
19,cancel_inventory,2020-01-03 11:05:22,4,[155],5,EMPTY,EMPTY,EMPTY
20,confirm_payment,2020-01-03 15:42:05,EMPTY,EMPTY,EMPTY,6,EMPTY,3
21,confirm_rental,2020-01-03 15:43:05,3,EMPTY,EMPTY,EMPTY,EMPTY,EMPTY
22,create_rental,2020-01-03 19:47:18,5,"[114, 23]",6,EMPTY,EMPTY,EMPTY
23,create_payment,2020-01-03 19:48:00,5,EMPTY,EMPTY,13,EMPTY,5
24,lend_inventory,2020-01-03 21:52:53,0,"[129, 30]",1,EMPTY,EMPTY,EMPTY
25,lend_inventory,2020-01-04 02:40:38,2,"[104, 105]",3,EMPTY,EMPTY,EMPTY
26,create_rental,2020-01-04 11:49:41,6,"[91, 151]",7,EMPTY,EMPTY,EMPTY
27,create_payment,2020-01-04 11:51:10,6,EMPTY,EMPTY,8,EMPTY,6
28,confirm_payment,2020-01-04 12:43:00,EMPTY,EMPTY,EMPTY,4,EMPTY,5
29,confirm_rental,2020-01-04 12:43:50,5,EMPTY,EMPTY,EMPTY,EMPTY,EMPTY
30,confirm_payment,2020-01-04 13:10:10,EMPTY,EMPTY,EMPTY,13,EMPTY,6
31,confirm_rental,2020-01-04 13:11:17,6,EMPTY,EMPTY,EMPTY,EMPTY,EMPTY
32,lend_inventory,2020-01-04 15:03:23,1,[71],2,EMPTY,EMPTY,EMPTY
33,lend_inventory,2020-01-04 21:29:50,5,"[114, 23]",6,EMPTY,EMPTY,EMPTY
34,return_inventory,2020-01-04 22:02:53,0,[129],1,EMPTY,EMPTY,EMPTY
35,inspect_inventory,2020-01-04 22:03:37,0,[129],EMPTY,16,0,EMPTY
36,return_inventory,2020-01-04 22:04:11,0,[30],1,EMPTY,EMPTY,EMPTY
37,inspect_inventory,2020-01-04 22:05:00,0,[30],EMPTY,18,1,EMPTY
38,create_rental,2020-01-05 07:47:19,7,"[134, 142]",8,EMPTY,EMPTY,EMPTY
39,create_payment,2020-01-05 07:48:51,7,EMPTY,EMPTY,11,EMPTY,7
40,cancel_inventory,2020-01-05 07:54:09,6,[151],7,EMPTY,EMPTY,EMPTY
41,lend_inventory,2020-01-05 10:08:05,3,"[156, 143]",4,EMPTY,EMPTY,EMPTY
42,return_inventory,2020-01-05 13:59:05,3,[156],4,EMPTY,EMPTY,EMPTY
43,inspect_inventory,2020-01-05 13:59:39,3,[156],EMPTY,1,5,EMPTY
44,return_inventory,2020-01-05 14:01:10,3,[143],4,EMPTY,EMPTY,EMPTY
45,inspect_inventory,2020-01-05 14:02:08,3,[143],EMPTY,16,6,EMPTY
46,return_inventory,2020-01-05 18:27:38,2,[104],3,EMPTY,EMPTY,EMPTY
47,inspect_inventory,2020-01-05 18:28:09,2,[104],EMPTY,20,3,EMPTY
48,return_inventory,2020-01-05 18:29:48,2,[105],3,EMPTY,EMPTY,EMPTY
49,inspect_inventory,2020-01-05 18:30:40,2,[105],EMPTY,5,4,EMPTY
50,return_inventory,2020-01-05 19:39:23,1,[71],2,EMPTY,EMPTY,EMPTY
51,inspect_inventory,2020-01-05 19:40:18,1,[71],EMPTY,4,2,EMPTY
52,confirm_payment,2020-01-05 23:51:51,EMPTY,EMPTY,EMPTY,7,EMPTY,7
53,confirm_rental,2020-01-05 23:53:15,7,EMPTY,EMPTY,EMPTY,EMPTY,EMPTY
54,create_rental,2020-01-06 01:58:51,8,"[158, 103]",9,EMPTY,EMPTY,EMPTY
55,create_payment,2020-01-06 02:00:13,8,EMPTY,EMPTY,7,EMPTY,8
56,lend_inventory,2020-01-06 10:06:22,4,[138],5,EMPTY,EMPTY,EMPTY
57,create_rental,2020-01-06 12:52:00,9,"[148, 53]",10,EMPTY,EMPTY,EMPTY
58,create_payment,2020-01-06 12:53:19,9,EMPTY,EMPTY,17,EMPTY,9
59,confirm_payment,2020-01-06 22:50:19,EMPTY,EMPTY,EMPTY,16,EMPTY,9
60,confirm_rental,2020-01-06 22:51:06,9,EMPTY,EMPTY,EMPTY,EMPTY,EMPTY
61,confirm_payment,2020-01-07 00:49:13,EMPTY,EMPTY,EMPTY,15,EMPTY,8
62,confirm_rental,2020-01-07 00:50:14,8,EMPTY,EMPTY,EMPTY,EMPTY,EMPTY
63,create_rental,2020-01-07 09:29:22,10,"[113, 2]",11,EMPTY,EMPTY,EMPTY
64,create_payment,2020-01-07 09:31:02,10,EMPTY,EMPTY,8,EMPTY,10
65,return_inventory,2020-01-07 13:07:50,5,[114],6,EMPTY,EMPTY,EMPTY
66,inspect_inventory,2020-01-07 13:08:32,5,[114],EMPTY,18,8,EMPTY
67,return_inventory,2020-01-07 13:09:27,5,[23],6,EMPTY,EMPTY,EMPTY
68,inspect_inventory,2020-01-07 13:10:09,5,[23],EMPTY,20,9,EMPTY
69,create_rental,2020-01-07 16:05:01,11,"[163, 5]",12,EMPTY,EMPTY,EMPTY
70,create_payment,2020-01-07 16:06:01,11,EMPTY,EMPTY,16,EMPTY,11
71,lend_inventory,2020-01-07 18:33:14,8,"[158, 103]",9,EMPTY,EMPTY,EMPTY
72,confirm_payment,2020-01-07 20:31:02,EMPTY,EMPTY,EMPTY,7,EMPTY,10
73,confirm_rental,2020-01-07 20:31:57,10,EMPTY,EMPTY,EMPTY,EMPTY,EMPTY
74,lend_inventory,2020-01-08 02:51:15,7,"[134, 142]",8,EMPTY,EMPTY,EMPTY
75,confirm_payment,2020-01-08 03:15:01,EMPTY,EMPTY,EMPTY,9,EMPTY,11
76,confirm_rental,2020-01-08 03:15:35,11,EMPTY,EMPTY,EMPTY,EMPTY,EMPTY
77,lend_inventory,2020-01-08 10:08:06,9,"[148, 53]",10,EMPTY,EMPTY,EMPTY
78,lend_inventory,2020-01-08 12:28:09,6,[91],7,EMPTY,EMPTY,EMPTY
79,return_inventory,2020-01-08 19:18:14,8,[158],9,EMPTY,EMPTY,EMPTY
80,inspect_inventory,2020-01-08 19:18:49,8,[158],EMPTY,3,13,EMPTY
81,return_inventory,2020-01-08 19:20:15,8,[103],9,EMPTY,EMPTY,EMPTY
82,inspect_inventory,2020-01-08 19:21:07,8,[103],EMPTY,9,14,EMPTY
83,lend_inventory,2020-01-09 04:24:57,10,"[113, 2]",11,EMPTY,EMPTY,EMPTY
84,return_inventory,2020-01-09 10:16:22,4,[138],5,EMPTY,EMPTY,EMPTY
85,inspect_inventory,2020-01-09 10:17:10,4,[138],EMPTY,14,7,EMPTY
86,return_inventory,2020-01-09 13:37:15,7,[134],8,EMPTY,EMPTY,EMPTY
87,inspect_inventory,2020-01-09 13:38:23,7,[134],EMPTY,9,11,EMPTY
88,return_inventory,2020-01-09 13:39:33,7,[142],8,EMPTY,EMPTY,EMPTY
89,inspect_inventory,2020-01-09 13:40:49,7,[142],EMPTY,3,12,EMPTY
90,return_inventory,2020-01-09 15:44:09,6,[91],7,EMPTY,EMPTY,EMPTY
91,inspect_inventory,2020-01-09 15:44:56,6,[91],EMPTY,4,10,EMPTY
92,return_inventory,2020-01-10 09:52:06,9,[148],10,EMPTY,EMPTY,EMPTY
93,inspect_inventory,2020-01-10 09:53:00,9,[148],EMPTY,16,15,EMPTY
94,return_inventory,2020-01-10 09:53:58,9,[53],10,EMPTY,EMPTY,EMPTY
95,inspect_inventory,2020-01-10 09:55:06,9,[53],EMPTY,6,16,EMPTY
96,return_inventory,2020-01-11 01:33:57,10,[113],11,EMPTY,EMPTY,EMPTY
97,inspect_inventory,2020-01-11 01:35:36,10,[113],EMPTY,8,17,EMPTY
98,return_inventory,2020-01-11 01:36:41,10,[2],11,EMPTY,EMPTY,EMPTY
99,inspect_inventory,2020-01-11 01:38:04,10,[2],EMPTY,5,18,EMPTY
100,lend_inventory,2020-01-11 02:19:35,11,"[163, 5]",12,EMPTY,EMPTY,EMPTY
101,return_inventory,2020-01-13 16:06:35,11,[163],12,EMPTY,EMPTY,EMPTY
102,inspect_inventory,2020-01-13 16:07:55,11,[163],EMPTY,9,19,EMPTY
103,create_payment,2020-01-13 16:08:39,11,EMPTY,EMPTY,8,EMPTY,12
104,create_payment,2020-01-13 16:08:39,11,EMPTY,EMPTY,EMPTY,EMPTY,12
105,return_inventory,2020-01-13 16:10:13,11,[5],12,EMPTY,EMPTY,EMPTY
106,inspect_inventory,2020-01-13 16:11:19,11,[5],EMPTY,1,20,EMPTY
107,confirm_payment,2020-01-13 16:12:28,EMPTY,EMPTY,EMPTY,16,EMPTY,12
108,create_rental,2020-01-14 02:01:45,12,"[92, 94]",13,EMPTY,EMPTY,EMPTY
109,create_payment,2020-01-14 02:03:24,12,EMPTY,EMPTY,18,EMPTY,13
110,create_rental,2020-01-14 04:02:12,13,"[32, 135]",14,EMPTY,EMPTY,EMPTY
111,create_payment,2020-01-14 04:03:02,13,EMPTY,EMPTY,10,EMPTY,14
112,confirm_payment,2020-01-14 09:54:02,EMPTY,EMPTY,EMPTY,13,EMPTY,14
113,confirm_rental,2020-01-14 09:54:43,13,EMPTY,EMPTY,EMPTY,EMPTY,EMPTY
114,create_rental,2020-01-14 21:12:44,14,"[60, 134]",15,EMPTY,EMPTY,EMPTY
115,create_payment,2020-01-14 21:14:17,14,EMPTY,EMPTY,3,EMPTY,15
116,confirm_payment,2020-01-14 21:17:24,EMPTY,EMPTY,EMPTY,13,EMPTY,13
117,confirm_rental,2020-01-14 21:17:58,12,EMPTY,EMPTY,EMPTY,EMPTY,EMPTY
118,create_rental,2020-01-15 00:07:20,15,[19],16,EMPTY,EMPTY,EMPTY
119,create_payment,2020-01-15 00:08:38,15,EMPTY,EMPTY,5,EMPTY,16
120,confirm_payment,2020-01-15 05:44:17,EMPTY,EMPTY,EMPTY,13,EMPTY,15
121,confirm_rental,2020-01-15 05:45:22,14,EMPTY,EMPTY,EMPTY,EMPTY,EMPTY
122,cancel_inventory,2020-01-15 14:28:21,14,[134],15,EMPTY,EMPTY,EMPTY
123,create_rental,2020-01-15 15:21:35,16,"[17, 53]",17,EMPTY,EMPTY,EMPTY
124,create_payment,2020-01-15 15:22:31,16,EMPTY,EMPTY,8,EMPTY,17
125,lend_inventory,2020-01-15 19:41:43,13,"[32, 135]",14,EMPTY,EMPTY,EMPTY
126,confirm_payment,2020-01-16 01:05:38,EMPTY,EMPTY,EMPTY,16,EMPTY,16
127,confirm_rental,2020-01-16 01:07:14,15,EMPTY,EMPTY,EMPTY,EMPTY,EMPTY
128,return_inventory,2020-01-16 03:37:43,13,[32],14,EMPTY,EMPTY,EMPTY
129,inspect_inventory,2020-01-16 03:39:15,13,[32],EMPTY,13,23,EMPTY
130,return_inventory,2020-01-16 03:39:54,13,[135],14,EMPTY,EMPTY,EMPTY
131,inspect_inventory,2020-01-16 03:41:02,13,[135],EMPTY,13,24,EMPTY
132,confirm_payment,2020-01-16 10:21:31,EMPTY,EMPTY,EMPTY,14,EMPTY,17
133,confirm_rental,2020-01-16 10:22:19,16,EMPTY,EMPTY,EMPTY,EMPTY,EMPTY
134,lend_inventory,2020-01-16 11:00:21,14,[60],15,EMPTY,EMPTY,EMPTY
135,create_rental,2020-01-16 15:07:00,17,"[113, 75]",18,EMPTY,EMPTY,EMPTY
136,create_payment,2020-01-16 15:07:44,17,EMPTY,EMPTY,8,EMPTY,18
137,return_inventory,2020-01-16 20:43:21,14,[60],15,EMPTY,EMPTY,EMPTY
138,inspect_inventory,2020-01-16 20:44:38,14,[60],EMPTY,13,25,EMPTY
139,confirm_payment,2020-01-17 03:06:44,EMPTY,EMPTY,EMPTY,20,EMPTY,18
140,confirm_rental,2020-01-17 03:08:11,17,EMPTY,EMPTY,EMPTY,EMPTY,EMPTY
141,create_rental,2020-01-17 03:29:59,18,"[121, 34]",19,EMPTY,EMPTY,EMPTY
142,create_payment,2020-01-17 03:31:32,18,EMPTY,EMPTY,12,EMPTY,19
143,confirm_payment,2020-01-17 05:46:32,EMPTY,EMPTY,EMPTY,13,EMPTY,19
144,confirm_rental,2020-01-17 05:47:25,18,EMPTY,EMPTY,EMPTY,EMPTY,EMPTY
145,lend_inventory,2020-01-17 13:51:58,12,"[92, 94]",13,EMPTY,EMPTY,EMPTY
146,lend_inventory,2020-01-18 04:50:19,16,"[17, 53]",17,EMPTY,EMPTY,EMPTY
147,lend_inventory,2020-01-18 12:41:14,15,[19],16,EMPTY,EMPTY,EMPTY
148,lend_inventory,2020-01-18 15:45:25,18,"[121, 34]",19,EMPTY,EMPTY,EMPTY
149,lend_inventory,2020-01-19 08:03:11,17,"[113, 75]",18,EMPTY,EMPTY,EMPTY
150,return_inventory,2020-01-19 12:27:14,15,[19],16,EMPTY,EMPTY,EMPTY
151,inspect_inventory,2020-01-19 12:28:01,15,[19],EMPTY,16,26,EMPTY
152,return_inventory,2020-01-19 17:04:58,12,[92],13,EMPTY,EMPTY,EMPTY
153,inspect_inventory,2020-01-19 17:06:09,12,[92],EMPTY,18,21,EMPTY
154,return_inventory,2020-01-19 17:06:53,12,[94],13,EMPTY,EMPTY,EMPTY
155,inspect_inventory,2020-01-19 17:07:34,12,[94],EMPTY,8,22,EMPTY
156,return_inventory,2020-01-19 20:24:11,17,[113],18,EMPTY,EMPTY,EMPTY
157,inspect_inventory,2020-01-19 20:25:44,17,[113],EMPTY,20,29,EMPTY
158,return_inventory,2020-01-19 20:26:32,17,[75],18,EMPTY,EMPTY,EMPTY
159,inspect_inventory,2020-01-19 20:27:15,17,[75],EMPTY,4,30,EMPTY
160,return_inventory,2020-01-21 00:44:19,16,[17],17,EMPTY,EMPTY,EMPTY
161,inspect_inventory,2020-01-21 00:45:21,16,[17],EMPTY,14,27,EMPTY
162,return_inventory,2020-01-21 00:46:09,16,[53],17,EMPTY,EMPTY,EMPTY
163,inspect_inventory,2020-01-21 00:47:45,16,[53],EMPTY,19,28,EMPTY
164,return_inventory,2020-01-21 08:09:25,18,[121],19,EMPTY,EMPTY,EMPTY
165,inspect_inventory,2020-01-21 08:10:05,18,[121],EMPTY,4,31,EMPTY
166,return_inventory,2020-01-21 08:11:32,18,[34],19,EMPTY,EMPTY,EMPTY
167,inspect_inventory,2020-01-21 08:12:34,18,[34],EMPTY,16,32,EMPTY
168,create_payment,2020-01-21 08:13:58,18,EMPTY,EMPTY,16,EMPTY,20
169,create_payment,2020-01-21 08:13:58,18,EMPTY,EMPTY,EMPTY,EMPTY,20
170,confirm_payment,2020-01-21 08:15:19,EMPTY,EMPTY,EMPTY,15,EMPTY,20
171,create_rental,2020-01-21 22:45:58,19,"[147, 44]",20,EMPTY,EMPTY,EMPTY
172,create_payment,2020-01-21 22:47:25,19,EMPTY,EMPTY,15,EMPTY,21
173,confirm_payment,2020-01-22 10:15:25,EMPTY,EMPTY,EMPTY,12,EMPTY,21
174,confirm_rental,2020-01-22 10:16:08,19,EMPTY,EMPTY,EMPTY,EMPTY,EMPTY
175,cancel_inventory,2020-01-22 10:47:38,19,[44],20,EMPTY,EMPTY,EMPTY
176,create_rental,2020-01-22 21:37:03,20,"[32, 135]",21,EMPTY,EMPTY,EMPTY
177,create_payment,2020-01-22 21:38:35,20,EMPTY,EMPTY,12,EMPTY,22
178,create_rental,2020-01-23 16:21:13,21,"[24, 142]",22,EMPTY,EMPTY,EMPTY
179,create_payment,2020-01-23 16:22:19,21,EMPTY,EMPTY,4,EMPTY,23
180,confirm_payment,2020-01-23 17:23:35,EMPTY,EMPTY,EMPTY,16,EMPTY,22
181,confirm_rental,2020-01-23 17:25:14,20,EMPTY,EMPTY,EMPTY,EMPTY,EMPTY
182,lend_inventory,2020-01-24 07:48:38,19,[147],20,EMPTY,EMPTY,EMPTY
183,create_rental,2020-01-24 07:54:58,22,"[85, 31]",23,EMPTY,EMPTY,EMPTY
184,create_payment,2020-01-24 07:55:43,22,EMPTY,EMPTY,13,EMPTY,24
185,confirm_payment,2020-01-24 13:26:19,EMPTY,EMPTY,EMPTY,15,EMPTY,23
186,confirm_rental,2020-01-24 13:27:57,21,EMPTY,EMPTY,EMPTY,EMPTY,EMPTY
187,confirm_payment,2020-01-24 14:09:43,EMPTY,EMPTY,EMPTY,9,EMPTY,24
188,confirm_rental,2020-01-24 14:10:17,22,EMPTY,EMPTY,EMPTY,EMPTY,EMPTY
189,create_rental,2020-01-24 18:03:47,23,"[152, 148]",24,EMPTY,EMPTY,EMPTY
190,create_payment,2020-01-24 18:05:10,23,EMPTY,EMPTY,1,EMPTY,25
191,create_rental,2020-01-24 18:14:06,24,"[25, 4]",25,EMPTY,EMPTY,EMPTY
192,create_payment,2020-01-24 18:15:41,24,EMPTY,EMPTY,7,EMPTY,26
193,confirm_payment,2020-01-24 21:14:41,EMPTY,EMPTY,EMPTY,11,EMPTY,26
194,confirm_rental,2020-01-24 21:15:59,24,EMPTY,EMPTY,EMPTY,EMPTY,EMPTY
195,create_rental,2020-01-25 00:09:52,25,"[76, 63]",26,EMPTY,EMPTY,EMPTY
196,create_payment,2020-01-25 00:11:29,25,EMPTY,EMPTY,20,EMPTY,27
197,confirm_payment,2020-01-25 09:38:10,EMPTY,EMPTY,EMPTY,10,EMPTY,25
198,confirm_rental,2020-01-25 09:39:17,23,EMPTY,EMPTY,EMPTY,EMPTY,EMPTY
199,confirm_payment,2020-01-25 11:02:29,EMPTY,EMPTY,EMPTY,4,EMPTY,27
200,confirm_rental,2020-01-25 11:02:59,25,EMPTY,EMPTY,EMPTY,EMPTY,EMPTY
201,create_rental,2020-01-25 12:10:54,26,"[99, 92]",27,EMPTY,EMPTY,EMPTY
202,create_payment,2020-01-25 12:11:32,26,EMPTY,EMPTY,16,EMPTY,28
203,lend_inventory,2020-01-25 12:40:57,21,"[24, 142]",22,EMPTY,EMPTY,EMPTY
204,cancel_inventory,2020-01-25 15:09:46,23,[152],24,EMPTY,EMPTY,EMPTY
205,lend_inventory,2020-01-25 18:42:14,20,"[32, 135]",21,EMPTY,EMPTY,EMPTY
206,return_inventory,2020-01-25 20:52:57,21,[24],22,EMPTY,EMPTY,EMPTY
207,inspect_inventory,2020-01-25 20:54:32,21,[24],EMPTY,3,36,EMPTY
208,return_inventory,2020-01-25 20:55:41,21,[142],22,EMPTY,EMPTY,EMPTY
209,inspect_inventory,2020-01-25 20:56:39,21,[142],EMPTY,8,37,EMPTY
210,create_rental,2020-01-26 01:49:22,27,"[32, 67]",28,EMPTY,EMPTY,EMPTY
211,create_payment,2020-01-26 01:51:00,27,EMPTY,EMPTY,15,EMPTY,29
212,confirm_payment,2020-01-26 06:13:00,EMPTY,EMPTY,EMPTY,2,EMPTY,29
213,confirm_rental,2020-01-26 06:14:35,27,EMPTY,EMPTY,EMPTY,EMPTY,EMPTY
214,create_rental,2020-01-26 11:49:46,28,"[160, 54]",29,EMPTY,EMPTY,EMPTY
215,create_payment,2020-01-26 11:51:25,28,EMPTY,EMPTY,20,EMPTY,30
216,confirm_payment,2020-01-26 12:06:32,EMPTY,EMPTY,EMPTY,20,EMPTY,28
217,confirm_rental,2020-01-26 12:07:37,26,EMPTY,EMPTY,EMPTY,EMPTY,EMPTY
218,return_inventory,2020-01-26 15:58:38,19,[147],20,EMPTY,EMPTY,EMPTY
219,inspect_inventory,2020-01-26 15:59:35,19,[147],EMPTY,19,33,EMPTY
220,create_rental,2020-01-26 22:16:44,29,"[162, 150]",30,EMPTY,EMPTY,EMPTY
221,create_payment,2020-01-26 22:17:29,29,EMPTY,EMPTY,20,EMPTY,31
222,confirm_payment,2020-01-27 03:36:25,EMPTY,EMPTY,EMPTY,20,EMPTY,30
223,confirm_rental,2020-01-27 03:37:10,28,EMPTY,EMPTY,EMPTY,EMPTY,EMPTY
224,return_inventory,2020-01-27 06:31:14,20,[32],21,EMPTY,EMPTY,EMPTY
225,inspect_inventory,2020-01-27 06:31:58,20,[32],EMPTY,16,34,EMPTY
226,return_inventory,2020-01-27 06:32:58,20,[135],21,EMPTY,EMPTY,EMPTY
227,inspect_inventory,2020-01-27 06:34:14,20,[135],EMPTY,14,35,EMPTY
228,create_rental,2020-01-27 07:28:26,30,"[157, 38]",31,EMPTY,EMPTY,EMPTY
229,create_payment,2020-01-27 07:28:56,30,EMPTY,EMPTY,16,EMPTY,32
230,confirm_payment,2020-01-27 09:25:29,EMPTY,EMPTY,EMPTY,20,EMPTY,31
231,confirm_rental,2020-01-27 09:26:38,29,EMPTY,EMPTY,EMPTY,EMPTY,EMPTY
232,confirm_payment,2020-01-27 13:43:56,EMPTY,EMPTY,EMPTY,6,EMPTY,32
233,confirm_rental,2020-01-27 13:45:20,30,EMPTY,EMPTY,EMPTY,EMPTY,EMPTY
234,lend_inventory,2020-01-27 14:29:35,27,"[32, 67]",28,EMPTY,EMPTY,EMPTY
235,lend_inventory,2020-01-27 14:44:17,22,"[85, 31]",23,EMPTY,EMPTY,EMPTY
236,lend_inventory,2020-01-27 19:04:59,25,"[76, 63]",26,EMPTY,EMPTY,EMPTY
237,lend_inventory,2020-01-27 20:33:59,24,"[25, 4]",25,EMPTY,EMPTY,EMPTY
238,return_inventory,2020-01-27 20:44:17,22,[85],23,EMPTY,EMPTY,EMPTY
239,inspect_inventory,2020-01-27 20:45:12,22,[85],EMPTY,9,38,EMPTY
240,return_inventory,2020-01-27 20:46:20,22,[31],23,EMPTY,EMPTY,EMPTY
241,inspect_inventory,2020-01-27 20:47:59,22,[31],EMPTY,20,39,EMPTY
242,cancel_inventory,2020-01-27 20:52:06,30,[38],31,EMPTY,EMPTY,EMPTY
243,return_inventory,2020-01-28 01:47:59,24,[25],25,EMPTY,EMPTY,EMPTY
244,inspect_inventory,2020-01-28 01:49:16,24,[25],EMPTY,14,41,EMPTY
245,return_inventory,2020-01-28 01:50:14,24,[4],25,EMPTY,EMPTY,EMPTY
246,inspect_inventory,2020-01-28 01:51:19,24,[4],EMPTY,13,42,EMPTY
247,create_rental,2020-01-28 04:04:37,31,"[113, 29]",32,EMPTY,EMPTY,EMPTY
248,create_payment,2020-01-28 04:05:20,31,EMPTY,EMPTY,8,EMPTY,33
249,confirm_payment,2020-01-28 05:14:20,EMPTY,EMPTY,EMPTY,14,EMPTY,33
250,confirm_rental,2020-01-28 05:15:40,31,EMPTY,EMPTY,EMPTY,EMPTY,EMPTY
251,cancel_inventory,2020-01-28 12:52:54,31,[113],32,EMPTY,EMPTY,EMPTY
252,lend_inventory,2020-01-28 13:10:10,28,"[160, 54]",29,EMPTY,EMPTY,EMPTY
253,lend_inventory,2020-01-28 14:57:37,26,"[99, 92]",27,EMPTY,EMPTY,EMPTY
254,lend_inventory,2020-01-28 16:20:46,23,[148],24,EMPTY,EMPTY,EMPTY
255,create_rental,2020-01-28 20:30:44,32,"[89, 163]",33,EMPTY,EMPTY,EMPTY
256,create_payment,2020-01-28 20:31:56,32,EMPTY,EMPTY,8,EMPTY,34
257,return_inventory,2020-01-28 23:19:35,27,[32],28,EMPTY,EMPTY,EMPTY
258,inspect_inventory,2020-01-28 23:20:21,27,[32],EMPTY,2,47,EMPTY
259,return_inventory,2020-01-28 23:21:15,27,[67],28,EMPTY,EMPTY,EMPTY
260,inspect_inventory,2020-01-28 23:22:31,27,[67],EMPTY,7,48,EMPTY
261,confirm_payment,2020-01-29 00:38:56,EMPTY,EMPTY,EMPTY,14,EMPTY,34
262,confirm_rental,2020-01-29 00:40:25,32,EMPTY,EMPTY,EMPTY,EMPTY,EMPTY
263,return_inventory,2020-01-29 07:29:37,26,[99],27,EMPTY,EMPTY,EMPTY
264,inspect_inventory,2020-01-29 07:31:08,26,[99],EMPTY,20,45,EMPTY
265,return_inventory,2020-01-29 07:32:41,26,[92],27,EMPTY,EMPTY,EMPTY
266,inspect_inventory,2020-01-29 07:33:26,26,[92],EMPTY,3,46,EMPTY
267,create_rental,2020-01-29 13:58:55,33,"[80, 99]",34,EMPTY,EMPTY,EMPTY
268,create_payment,2020-01-29 13:59:40,33,EMPTY,EMPTY,8,EMPTY,35
269,return_inventory,2020-01-29 18:23:10,28,[160],29,EMPTY,EMPTY,EMPTY
270,inspect_inventory,2020-01-29 18:23:46,28,[160],EMPTY,20,49,EMPTY
271,return_inventory,2020-01-29 18:25:20,28,[54],29,EMPTY,EMPTY,EMPTY
272,inspect_inventory,2020-01-29 18:26:53,28,[54],EMPTY,8,50,EMPTY
273,create_rental,2020-01-29 21:29:40,34,"[48, 117]",35,EMPTY,EMPTY,EMPTY
274,create_payment,2020-01-29 21:30:54,34,EMPTY,EMPTY,4,EMPTY,36
275,return_inventory,2020-01-30 09:14:59,25,[76],26,EMPTY,EMPTY,EMPTY
276,inspect_inventory,2020-01-30 09:15:59,25,[76],EMPTY,4,43,EMPTY
277,return_inventory,2020-01-30 09:17:12,25,[63],26,EMPTY,EMPTY,EMPTY
278,inspect_inventory,2020-01-30 09:18:31,25,[63],EMPTY,18,44,EMPTY
279,confirm_payment,2020-01-30 09:22:40,EMPTY,EMPTY,EMPTY,20,EMPTY,35
280,confirm_rental,2020-01-30 09:23:58,33,EMPTY,EMPTY,EMPTY,EMPTY,EMPTY
281,return_inventory,2020-01-30 17:18:46,23,[148],24,EMPTY,EMPTY,EMPTY
282,inspect_inventory,2020-01-30 17:19:37,23,[148],EMPTY,16,40,EMPTY
283,lend_inventory,2020-01-30 17:33:06,30,[157],31,EMPTY,EMPTY,EMPTY
284,create_rental,2020-01-30 17:54:28,35,"[134, 7]",36,EMPTY,EMPTY,EMPTY
285,create_payment,2020-01-30 17:55:24,35,EMPTY,EMPTY,11,EMPTY,37
286,confirm_payment,2020-01-30 22:22:54,EMPTY,EMPTY,EMPTY,7,EMPTY,36
287,confirm_rental,2020-01-30 22:23:53,34,EMPTY,EMPTY,EMPTY,EMPTY,EMPTY
288,cancel_inventory,2020-01-30 23:39:56,33,[80],34,EMPTY,EMPTY,EMPTY
289,create_rental,2020-01-31 01:58:51,36,"[79, 31]",37,EMPTY,EMPTY,EMPTY
290,create_payment,2020-01-31 01:59:40,36,EMPTY,EMPTY,8,EMPTY,38
291,lend_inventory,2020-01-31 02:01:38,29,"[162, 150]",30,EMPTY,EMPTY,EMPTY
292,lend_inventory,2020-01-31 04:37:25,32,"[89, 163]",33,EMPTY,EMPTY,EMPTY
293,return_inventory,2020-01-31 05:58:38,29,[162],30,EMPTY,EMPTY,EMPTY
294,inspect_inventory,2020-01-31 05:59:21,29,[162],EMPTY,20,51,EMPTY
295,return_inventory,2020-01-31 06:00:57,29,[150],30,EMPTY,EMPTY,EMPTY
296,inspect_inventory,2020-01-31 06:01:40,29,[150],EMPTY,13,52,EMPTY
297,create_rental,2020-01-31 08:21:21,37,"[42, 46]",38,EMPTY,EMPTY,EMPTY
298,create_payment,2020-01-31 08:22:10,37,EMPTY,EMPTY,7,EMPTY,39
299,return_inventory,2020-01-31 08:31:06,30,[157],31,EMPTY,EMPTY,EMPTY
300,inspect_inventory,2020-01-31 08:31:49,30,[157],EMPTY,5,53,EMPTY
301,confirm_payment,2020-01-31 09:26:40,EMPTY,EMPTY,EMPTY,20,EMPTY,38
302,confirm_rental,2020-01-31 09:28:02,36,EMPTY,EMPTY,EMPTY,EMPTY,EMPTY
303,lend_inventory,2020-01-31 09:49:54,31,[29],32,EMPTY,EMPTY,EMPTY
304,confirm_payment,2020-01-31 14:30:24,EMPTY,EMPTY,EMPTY,16,EMPTY,37
305,confirm_rental,2020-01-31 14:31:10,35,EMPTY,EMPTY,EMPTY,EMPTY,EMPTY
306,return_inventory,2020-01-31 14:50:25,32,[89],33,EMPTY,EMPTY,EMPTY
307,inspect_inventory,2020-01-31 14:51:25,32,[89],EMPTY,14,55,EMPTY
308,return_inventory,2020-01-31 14:52:04,32,[163],33,EMPTY,EMPTY,EMPTY
309,inspect_inventory,2020-01-31 14:52:52,32,[163],EMPTY,14,56,EMPTY
310,confirm_payment,2020-02-01 00:49:10,EMPTY,EMPTY,EMPTY,14,EMPTY,39
311,confirm_rental,2020-02-01 00:50:09,37,EMPTY,EMPTY,EMPTY,EMPTY,EMPTY
312,create_rental,2020-02-01 05:02:38,38,"[113, 75]",39,EMPTY,EMPTY,EMPTY
313,create_payment,2020-02-01 05:03:25,38,EMPTY,EMPTY,7,EMPTY,40
314,lend_inventory,2020-02-01 10:20:56,33,[99],34,EMPTY,EMPTY,EMPTY
315,create_rental,2020-02-01 10:21:14,39,"[161, 52]",40,EMPTY,EMPTY,EMPTY
316,create_payment,2020-02-01 10:22:54,39,EMPTY,EMPTY,16,EMPTY,41
317,confirm_payment,2020-02-01 14:18:25,EMPTY,EMPTY,EMPTY,20,EMPTY,40
318,confirm_rental,2020-02-01 14:19:00,38,EMPTY,EMPTY,EMPTY,EMPTY,EMPTY
319,lend_inventory,2020-02-01 21:18:53,34,"[48, 117]",35,EMPTY,EMPTY,EMPTY
320,lend_inventory,2020-02-02 01:35:09,37,"[42, 46]",38,EMPTY,EMPTY,EMPTY
321,create_rental,2020-02-02 05:55:25,40,"[92, 44]",41,EMPTY,EMPTY,EMPTY
322,create_payment,2020-02-02 05:56:09,40,EMPTY,EMPTY,18,EMPTY,42
323,lend_inventory,2020-02-02 09:32:00,38,"[113, 75]",39,EMPTY,EMPTY,EMPTY
324,confirm_payment,2020-02-02 09:40:54,EMPTY,EMPTY,EMPTY,16,EMPTY,41
325,confirm_rental,2020-02-02 09:42:04,39,EMPTY,EMPTY,EMPTY,EMPTY,EMPTY
326,return_inventory,2020-02-02 11:03:54,31,[29],32,EMPTY,EMPTY,EMPTY
327,inspect_inventory,2020-02-02 11:05:13,31,[29],EMPTY,20,54,EMPTY
328,lend_inventory,2020-02-02 13:51:10,35,"[134, 7]",36,EMPTY,EMPTY,EMPTY
329,create_rental,2020-02-02 14:50:14,41,"[41, 123]",42,EMPTY,EMPTY,EMPTY
330,create_payment,2020-02-02 14:51:44,41,EMPTY,EMPTY,3,EMPTY,43
331,cancel_inventory,2020-02-02 16:31:34,39,[52],40,EMPTY,EMPTY,EMPTY
332,confirm_payment,2020-02-03 03:00:09,EMPTY,EMPTY,EMPTY,8,EMPTY,42
333,confirm_rental,2020-02-03 03:01:18,40,EMPTY,EMPTY,EMPTY,EMPTY,EMPTY
334,return_inventory,2020-02-03 04:39:10,35,[134],36,EMPTY,EMPTY,EMPTY
335,inspect_inventory,2020-02-03 04:39:50,35,[134],EMPTY,16,60,EMPTY
336,return_inventory,2020-02-03 04:40:39,35,[7],36,EMPTY,EMPTY,EMPTY
337,inspect_inventory,2020-02-03 04:42:05,35,[7],EMPTY,16,61,EMPTY
338,return_inventory,2020-02-03 05:25:53,34,[48],35,EMPTY,EMPTY,EMPTY
339,inspect_inventory,2020-02-03 05:27:10,34,[48],EMPTY,8,58,EMPTY
340,return_inventory,2020-02-03 05:28:29,34,[117],35,EMPTY,EMPTY,EMPTY
341,inspect_inventory,2020-02-03 05:29:24,34,[117],EMPTY,4,59,EMPTY
342,lend_inventory,2020-02-03 06:25:02,36,"[79, 31]",37,EMPTY,EMPTY,EMPTY
343,confirm_payment,2020-02-03 09:48:44,EMPTY,EMPTY,EMPTY,5,EMPTY,43
344,confirm_rental,2020-02-03 09:50:18,41,EMPTY,EMPTY,EMPTY,EMPTY,EMPTY
345,create_rental,2020-02-03 10:22:56,42,"[82, 6]",43,EMPTY,EMPTY,EMPTY
346,create_payment,2020-02-03 10:24:02,42,EMPTY,EMPTY,4,EMPTY,44
347,return_inventory,2020-02-03 11:01:09,37,[42],38,EMPTY,EMPTY,EMPTY
348,inspect_inventory,2020-02-03 11:02:10,37,[42],EMPTY,17,64,EMPTY
349,return_inventory,2020-02-03 11:03:19,37,[46],38,EMPTY,EMPTY,EMPTY
350,inspect_inventory,2020-02-03 11:04:15,37,[46],EMPTY,4,65,EMPTY
351,confirm_payment,2020-02-03 12:22:02,EMPTY,EMPTY,EMPTY,20,EMPTY,44
352,confirm_rental,2020-02-03 12:23:16,42,EMPTY,EMPTY,EMPTY,EMPTY,EMPTY
353,lend_inventory,2020-02-04 01:30:16,42,"[82, 6]",43,EMPTY,EMPTY,EMPTY
354,return_inventory,2020-02-04 02:44:56,33,[99],34,EMPTY,EMPTY,EMPTY
355,inspect_inventory,2020-02-04 02:45:36,33,[99],EMPTY,11,57,EMPTY
356,return_inventory,2020-02-04 09:08:02,36,[79],37,EMPTY,EMPTY,EMPTY
357,inspect_inventory,2020-02-04 09:08:59,36,[79],EMPTY,20,62,EMPTY
358,return_inventory,2020-02-04 09:10:06,36,[31],37,EMPTY,EMPTY,EMPTY
359,inspect_inventory,2020-02-04 09:11:05,36,[31],EMPTY,9,63,EMPTY
360,return_inventory,2020-02-04 12:24:00,38,[113],39,EMPTY,EMPTY,EMPTY
361,inspect_inventory,2020-02-04 12:24:31,38,[113],EMPTY,20,66,EMPTY
362,return_inventory,2020-02-04 12:25:16,38,[75],39,EMPTY,EMPTY,EMPTY
363,inspect_inventory,2020-02-04 12:26:19,38,[75],EMPTY,20,67,EMPTY
364,lend_inventory,2020-02-05 01:47:18,40,"[92, 44]",41,EMPTY,EMPTY,EMPTY
365,lend_inventory,2020-02-05 11:51:34,39,[161],40,EMPTY,EMPTY,EMPTY
366,lend_inventory,2020-02-05 14:29:18,41,"[41, 123]",42,EMPTY,EMPTY,EMPTY
367,return_inventory,2020-02-05 21:08:16,42,[82],43,EMPTY,EMPTY,EMPTY
368,inspect_inventory,2020-02-05 21:09:55,42,[82],EMPTY,20,73,EMPTY
369,create_payment,2020-02-05 21:11:08,42,EMPTY,EMPTY,20,EMPTY,45
370,create_payment,2020-02-05 21:11:08,42,EMPTY,EMPTY,EMPTY,EMPTY,45
371,return_inventory,2020-02-05 21:11:59,42,[6],43,EMPTY,EMPTY,EMPTY
372,inspect_inventory,2020-02-05 21:13:14,42,[6],EMPTY,16,74,EMPTY
373,confirm_payment,2020-02-05 21:13:51,EMPTY,EMPTY,EMPTY,4,EMPTY,45
374,return_inventory,2020-02-06 05:44:18,40,[92],41,EMPTY,EMPTY,EMPTY
375,inspect_inventory,2020-02-06 05:45:25,40,[92],EMPTY,7,69,EMPTY
376,return_inventory,2020-02-06 05:46:04,40,[44],41,EMPTY,EMPTY,EMPTY
377,inspect_inventory,2020-02-06 05:46:57,40,[44],EMPTY,8,70,EMPTY
378,create_rental,2020-02-06 09:30:34,43,"[40, 39]",44,EMPTY,EMPTY,EMPTY
379,create_payment,2020-02-06 09:31:57,43,EMPTY,EMPTY,17,EMPTY,46
380,create_rental,2020-02-07 01:52:46,44,"[137, 61]",45,EMPTY,EMPTY,EMPTY
381,create_payment,2020-02-07 01:54:16,44,EMPTY,EMPTY,20,EMPTY,47
382,confirm_payment,2020-02-07 06:35:57,EMPTY,EMPTY,EMPTY,13,EMPTY,46
383,confirm_rental,2020-02-07 06:37:28,43,EMPTY,EMPTY,EMPTY,EMPTY,EMPTY
384,return_inventory,2020-02-07 06:42:18,41,[41],42,EMPTY,EMPTY,EMPTY
385,inspect_inventory,2020-02-07 06:43:01,41,[41],EMPTY,6,71,EMPTY
386,return_inventory,2020-02-07 06:44:40,41,[123],42,EMPTY,EMPTY,EMPTY
387,inspect_inventory,2020-02-07 06:45:35,41,[123],EMPTY,18,72,EMPTY
388,return_inventory,2020-02-07 15:16:34,39,[161],40,EMPTY,EMPTY,EMPTY
389,inspect_inventory,2020-02-07 15:17:45,39,[161],EMPTY,16,68,EMPTY
390,confirm_payment,2020-02-07 23:04:16,EMPTY,EMPTY,EMPTY,11,EMPTY,47
391,confirm_rental,2020-02-07 23:05:56,44,EMPTY,EMPTY,EMPTY,EMPTY,EMPTY
392,create_rental,2020-02-07 23:50:10,45,"[59, 87]",46,EMPTY,EMPTY,EMPTY
393,create_payment,2020-02-07 23:51:14,45,EMPTY,EMPTY,2,EMPTY,48
394,create_rental,2020-02-08 15:01:27,46,"[161, 95]",47,EMPTY,EMPTY,EMPTY
395,create_payment,2020-02-08 15:02:00,46,EMPTY,EMPTY,16,EMPTY,49
396,create_rental,2020-02-08 15:25:16,47,"[18, 118]",48,EMPTY,EMPTY,EMPTY
397,create_payment,2020-02-08 15:26:23,47,EMPTY,EMPTY,16,EMPTY,50
398,confirm_payment,2020-02-08 15:41:14,EMPTY,EMPTY,EMPTY,9,EMPTY,48
399,confirm_rental,2020-02-08 15:42:48,45,EMPTY,EMPTY,EMPTY,EMPTY,EMPTY
400,confirm_payment,2020-02-08 17:06:23,EMPTY,EMPTY,EMPTY,9,EMPTY,50
401,confirm_rental,2020-02-08 17:06:57,47,EMPTY,EMPTY,EMPTY,EMPTY,EMPTY
402,confirm_payment,2020-02-08 19:26:00,EMPTY,EMPTY,EMPTY,8,EMPTY,49
403,confirm_rental,2020-02-08 19:27:29,46,EMPTY,EMPTY,EMPTY,EMPTY,EMPTY
404,create_rental,2020-02-09 15:21:52,48,"[32, 9]",49,EMPTY,EMPTY,EMPTY
405,create_payment,2020-02-09 15:23:12,48,EMPTY,EMPTY,19,EMPTY,51
406,lend_inventory,2020-02-09 18:09:28,43,"[40, 39]",44,EMPTY,EMPTY,EMPTY
407,confirm_payment,2020-02-09 21:40:12,EMPTY,EMPTY,EMPTY,13,EMPTY,51
408,confirm_rental,2020-02-09 21:40:51,48,EMPTY,EMPTY,EMPTY,EMPTY,EMPTY
409,lend_inventory,2020-02-10 02:18:56,44,"[137, 61]",45,EMPTY,EMPTY,EMPTY
410,lend_inventory,2020-02-10 09:34:29,46,"[161, 95]",47,EMPTY,EMPTY,EMPTY
411,lend_inventory,2020-02-10 15:47:57,47,"[18, 118]",48,EMPTY,EMPTY,EMPTY
412,lend_inventory,2020-02-10 20:09:48,45,"[59, 87]",46,EMPTY,EMPTY,EMPTY
413,return_inventory,2020-02-10 20:54:56,44,[137],45,EMPTY,EMPTY,EMPTY
414,inspect_inventory,2020-02-10 20:56:01,44,[137],EMPTY,11,77,EMPTY
415,return_inventory,2020-02-10 20:57:03,44,[61],45,EMPTY,EMPTY,EMPTY
416,inspect_inventory,2020-02-10 20:58:06,44,[61],EMPTY,20,78,EMPTY
417,return_inventory,2020-02-11 06:34:57,47,[18],48,EMPTY,EMPTY,EMPTY
418,inspect_inventory,2020-02-11 06:36:29,47,[18],EMPTY,8,83,EMPTY
419,return_inventory,2020-02-11 06:37:20,47,[118],48,EMPTY,EMPTY,EMPTY
420,inspect_inventory,2020-02-11 06:38:33,47,[118],EMPTY,20,84,EMPTY
421,lend_inventory,2020-02-11 14:12:51,48,"[32, 9]",49,EMPTY,EMPTY,EMPTY
422,return_inventory,2020-02-11 21:24:48,45,[59],46,EMPTY,EMPTY,EMPTY
423,inspect_inventory,2020-02-11 21:25:28,45,[59],EMPTY,9,79,EMPTY
424,return_inventory,2020-02-11 21:26:34,45,[87],46,EMPTY,EMPTY,EMPTY
425,inspect_inventory,2020-02-11 21:27:24,45,[87],EMPTY,17,80,EMPTY
426,return_inventory,2020-02-12 00:06:28,43,[40],44,EMPTY,EMPTY,EMPTY
427,inspect_inventory,2020-02-12 00:07:20,43,[40],EMPTY,4,75,EMPTY
428,return_inventory,2020-02-12 00:08:34,43,[39],44,EMPTY,EMPTY,EMPTY
429,inspect_inventory,2020-02-12 00:10:00,43,[39],EMPTY,13,76,EMPTY
430,return_inventory,2020-02-12 06:29:51,48,[32],49,EMPTY,EMPTY,EMPTY
431,inspect_inventory,2020-02-12 06:30:45,48,[32],EMPTY,13,85,EMPTY
432,return_inventory,2020-02-12 06:32:21,48,[9],49,EMPTY,EMPTY,EMPTY
433,inspect_inventory,2020-02-12 06:33:47,48,[9],EMPTY,7,86,EMPTY
434,create_payment,2020-02-12 06:35:18,48,EMPTY,EMPTY,8,EMPTY,52
435,create_payment,2020-02-12 06:35:18,48,EMPTY,EMPTY,EMPTY,EMPTY,52
436,confirm_payment,2020-02-12 06:36:49,EMPTY,EMPTY,EMPTY,10,EMPTY,52
437,return_inventory,2020-02-12 11:26:29,46,[161],47,EMPTY,EMPTY,EMPTY
438,inspect_inventory,2020-02-12 11:28:06,46,[161],EMPTY,9,81,EMPTY
439,return_inventory,2020-02-12 11:29:44,46,[95],47,EMPTY,EMPTY,EMPTY
440,inspect_inventory,2020-02-12 11:31:10,46,[95],EMPTY,18,82,EMPTY
441,create_rental,2020-02-12 21:02:03,49,"[24, 167]",50,EMPTY,EMPTY,EMPTY
442,create_payment,2020-02-12 21:02:33,49,EMPTY,EMPTY,18,EMPTY,53
443,create_rental,2020-02-12 22:48:31,50,"[1, 103]",51,EMPTY,EMPTY,EMPTY
444,create_payment,2020-02-12 22:50:09,50,EMPTY,EMPTY,4,EMPTY,54
445,confirm_payment,2020-02-13 08:14:09,EMPTY,EMPTY,EMPTY,16,EMPTY,54
446,confirm_rental,2020-02-13 08:15:37,50,EMPTY,EMPTY,EMPTY,EMPTY,EMPTY
447,create_rental,2020-02-13 10:29:01,51,"[104, 111]",52,EMPTY,EMPTY,EMPTY
448,create_payment,2020-02-13 10:29:57,51,EMPTY,EMPTY,15,EMPTY,55
449,lend_inventory,2020-02-13 13:49:37,50,"[1, 103]",51,EMPTY,EMPTY,EMPTY
450,return_inventory,2020-02-13 15:11:37,50,[1],51,EMPTY,EMPTY,EMPTY
451,inspect_inventory,2020-02-13 15:12:42,50,[1],EMPTY,16,89,EMPTY
452,return_inventory,2020-02-13 15:14:05,50,[103],51,EMPTY,EMPTY,EMPTY
453,inspect_inventory,2020-02-13 15:15:37,50,[103],EMPTY,14,90,EMPTY
454,confirm_payment,2020-02-13 16:58:33,EMPTY,EMPTY,EMPTY,11,EMPTY,53
455,confirm_rental,2020-02-13 16:59:06,49,EMPTY,EMPTY,EMPTY,EMPTY,EMPTY
456,confirm_payment,2020-02-14 05:31:57,EMPTY,EMPTY,EMPTY,15,EMPTY,55
457,confirm_rental,2020-02-14 05:33:14,51,EMPTY,EMPTY,EMPTY,EMPTY,EMPTY
458,create_rental,2020-02-14 07:19:56,52,"[13, 143]",53,EMPTY,EMPTY,EMPTY
459,create_payment,2020-02-14 07:21:26,52,EMPTY,EMPTY,20,EMPTY,56
460,create_rental,2020-02-15 07:59:05,53,"[161, 34]",54,EMPTY,EMPTY,EMPTY
461,create_payment,2020-02-15 07:59:54,53,EMPTY,EMPTY,16,EMPTY,57
462,confirm_payment,2020-02-15 08:01:26,EMPTY,EMPTY,EMPTY,3,EMPTY,56
463,confirm_rental,2020-02-15 08:02:21,52,EMPTY,EMPTY,EMPTY,EMPTY,EMPTY
464,confirm_payment,2020-02-15 16:27:54,EMPTY,EMPTY,EMPTY,9,EMPTY,57
465,confirm_rental,2020-02-15 16:28:46,53,EMPTY,EMPTY,EMPTY,EMPTY,EMPTY
466,create_rental,2020-02-15 20:52:32,54,"[73, 118]",55,EMPTY,EMPTY,EMPTY
467,create_payment,2020-02-15 20:53:20,54,EMPTY,EMPTY,17,EMPTY,58
468,cancel_inventory,2020-02-16 00:42:32,53,[161],54,EMPTY,EMPTY,EMPTY
469,lend_inventory,2020-02-16 05:13:14,51,"[104, 111]",52,EMPTY,EMPTY,EMPTY
470,lend_inventory,2020-02-16 11:03:21,52,"[13, 143]",53,EMPTY,EMPTY,EMPTY
471,confirm_payment,2020-02-16 14:28:20,EMPTY,EMPTY,EMPTY,12,EMPTY,58
472,confirm_rental,2020-02-16 14:29:48,54,EMPTY,EMPTY,EMPTY,EMPTY,EMPTY
473,return_inventory,2020-02-16 16:23:21,52,[13],53,EMPTY,EMPTY,EMPTY
474,inspect_inventory,2020-02-16 16:23:56,52,[13],EMPTY,3,93,EMPTY
475,return_inventory,2020-02-16 16:25:28,52,[143],53,EMPTY,EMPTY,EMPTY
476,inspect_inventory,2020-02-16 16:26:14,52,[143],EMPTY,15,94,EMPTY
477,create_rental,2020-02-16 19:09:32,55,"[98, 151]",56,EMPTY,EMPTY,EMPTY
478,create_payment,2020-02-16 19:10:53,55,EMPTY,EMPTY,8,EMPTY,59
479,lend_inventory,2020-02-17 02:13:06,49,"[24, 167]",50,EMPTY,EMPTY,EMPTY
480,confirm_payment,2020-02-17 04:13:53,EMPTY,EMPTY,EMPTY,5,EMPTY,59
481,confirm_rental,2020-02-17 04:15:11,55,EMPTY,EMPTY,EMPTY,EMPTY,EMPTY
482,lend_inventory,2020-02-17 06:41:48,54,"[73, 118]",55,EMPTY,EMPTY,EMPTY
483,lend_inventory,2020-02-17 11:57:32,53,[34],54,EMPTY,EMPTY,EMPTY
484,return_inventory,2020-02-17 20:08:06,49,[24],50,EMPTY,EMPTY,EMPTY
485,inspect_inventory,2020-02-17 20:09:20,49,[24],EMPTY,11,87,EMPTY
486,return_inventory,2020-02-17 20:10:16,49,[167],50,EMPTY,EMPTY,EMPTY
487,inspect_inventory,2020-02-17 20:10:53,49,[167],EMPTY,9,88,EMPTY
488,return_inventory,2020-02-18 02:36:14,51,[104],52,EMPTY,EMPTY,EMPTY
489,inspect_inventory,2020-02-18 02:36:51,51,[104],EMPTY,10,91,EMPTY
490,return_inventory,2020-02-18 02:37:54,51,[111],52,EMPTY,EMPTY,EMPTY
491,inspect_inventory,2020-02-18 02:38:29,51,[111],EMPTY,16,92,EMPTY
492,return_inventory,2020-02-18 13:24:48,54,[73],55,EMPTY,EMPTY,EMPTY
493,inspect_inventory,2020-02-18 13:26:17,54,[73],EMPTY,15,96,EMPTY
494,return_inventory,2020-02-18 13:26:55,54,[118],55,EMPTY,EMPTY,EMPTY
495,inspect_inventory,2020-02-18 13:28:30,54,[118],EMPTY,11,97,EMPTY
496,lend_inventory,2020-02-19 02:47:11,55,"[98, 151]",56,EMPTY,EMPTY,EMPTY
497,return_inventory,2020-02-19 08:38:32,53,[34],54,EMPTY,EMPTY,EMPTY
498,inspect_inventory,2020-02-19 08:39:20,53,[34],EMPTY,20,95,EMPTY
499,return_inventory,2020-02-21 03:12:11,55,[98],56,EMPTY,EMPTY,EMPTY
500,inspect_inventory,2020-02-21 03:13:02,55,[98],EMPTY,1,98,EMPTY
501,create_payment,2020-02-21 03:14:31,55,EMPTY,EMPTY,1,EMPTY,60
502,create_payment,2020-02-21 03:14:31,55,EMPTY,EMPTY,EMPTY,EMPTY,60
503,return_inventory,2020-02-21 03:15:48,55,[151],56,EMPTY,EMPTY,EMPTY
504,inspect_inventory,2020-02-21 03:17:03,55,[151],EMPTY,15,99,EMPTY
505,confirm_payment,2020-02-21 03:18:01,EMPTY,EMPTY,EMPTY,8,EMPTY,60
506,create_rental,2020-02-21 15:28:51,56,"[20, 110]",57,EMPTY,EMPTY,EMPTY
507,create_payment,2020-02-21 15:30:21,56,EMPTY,EMPTY,9,EMPTY,61
508,create_rental,2020-02-21 18:59:31,57,"[40, 47]",58,EMPTY,EMPTY,EMPTY
509,create_payment,2020-02-21 19:01:11,57,EMPTY,EMPTY,17,EMPTY,62
510,create_rental,2020-02-21 20:57:52,58,"[128, 108]",59,EMPTY,EMPTY,EMPTY
511,create_payment,2020-02-21 20:59:24,58,EMPTY,EMPTY,6,EMPTY,63
512,confirm_payment,2020-02-21 22:15:21,EMPTY,EMPTY,EMPTY,16,EMPTY,61
513,confirm_rental,2020-02-21 22:15:51,56,EMPTY,EMPTY,EMPTY,EMPTY,EMPTY
514,create_rental,2020-02-22 02:02:37,59,"[113, 51]",60,EMPTY,EMPTY,EMPTY
515,create_payment,2020-02-22 02:03:24,59,EMPTY,EMPTY,7,EMPTY,64
516,confirm_payment,2020-02-22 03:46:24,EMPTY,EMPTY,EMPTY,10,EMPTY,63
517,confirm_rental,2020-02-22 03:47:58,58,EMPTY,EMPTY,EMPTY,EMPTY,EMPTY
518,lend_inventory,2020-02-22 13:42:51,56,"[20, 110]",57,EMPTY,EMPTY,EMPTY
519,confirm_payment,2020-02-22 15:18:11,EMPTY,EMPTY,EMPTY,9,EMPTY,62
520,confirm_rental,2020-02-22 15:18:55,57,EMPTY,EMPTY,EMPTY,EMPTY,EMPTY
521,create_rental,2020-02-22 20:27:10,60,"[161, 131]",61,EMPTY,EMPTY,EMPTY
522,create_payment,2020-02-22 20:28:34,60,EMPTY,EMPTY,16,EMPTY,65
523,confirm_payment,2020-02-23 01:42:24,EMPTY,EMPTY,EMPTY,8,EMPTY,64
524,confirm_rental,2020-02-23 01:43:12,59,EMPTY,EMPTY,EMPTY,EMPTY,EMPTY
525,return_inventory,2020-02-23 11:40:51,56,[20],57,EMPTY,EMPTY,EMPTY
526,inspect_inventory,2020-02-23 11:42:25,56,[20],EMPTY,16,100,EMPTY
527,return_inventory,2020-02-23 11:43:16,56,[110],57,EMPTY,EMPTY,EMPTY
528,inspect_inventory,2020-02-23 11:44:56,56,[110],EMPTY,18,101,EMPTY
529,create_rental,2020-02-23 15:33:50,61,"[21, 126]",62,EMPTY,EMPTY,EMPTY
530,create_payment,2020-02-23 15:35:29,61,EMPTY,EMPTY,1,EMPTY,66
531,confirm_payment,2020-02-23 15:54:29,EMPTY,EMPTY,EMPTY,10,EMPTY,66
532,confirm_rental,2020-02-23 15:55:43,61,EMPTY,EMPTY,EMPTY,EMPTY,EMPTY
533,confirm_payment,2020-02-23 16:51:34,EMPTY,EMPTY,EMPTY,16,EMPTY,65
534,confirm_rental,2020-02-23 16:52:14,60,EMPTY,EMPTY,EMPTY,EMPTY,EMPTY
535,lend_inventory,2020-02-24 07:13:43,61,"[21, 126]",62,EMPTY,EMPTY,EMPTY
536,lend_inventory,2020-02-24 11:28:58,58,"[128, 108]",59,EMPTY,EMPTY,EMPTY
537,create_rental,2020-02-24 12:55:23,62,"[117, 165]",63,EMPTY,EMPTY,EMPTY
538,create_payment,2020-02-24 12:56:45,62,EMPTY,EMPTY,9,EMPTY,67
539,return_inventory,2020-02-24 19:51:43,61,[21],62,EMPTY,EMPTY,EMPTY
540,inspect_inventory,2020-02-24 19:52:25,61,[21],EMPTY,19,110,EMPTY
541,return_inventory,2020-02-24 19:52:58,61,[126],62,EMPTY,EMPTY,EMPTY
542,inspect_inventory,2020-02-24 19:54:18,61,[126],EMPTY,14,111,EMPTY
543,confirm_payment,2020-02-24 21:43:45,EMPTY,EMPTY,EMPTY,16,EMPTY,67
544,confirm_rental,2020-02-24 21:44:46,62,EMPTY,EMPTY,EMPTY,EMPTY,EMPTY
545,lend_inventory,2020-02-24 23:09:12,59,"[113, 51]",60,EMPTY,EMPTY,EMPTY
546,lend_inventory,2020-02-24 23:47:14,60,"[161, 131]",61,EMPTY,EMPTY,EMPTY
547,lend_inventory,2020-02-25 05:17:55,57,"[40, 47]",58,EMPTY,EMPTY,EMPTY
548,return_inventory,2020-02-25 10:13:12,59,[113],60,EMPTY,EMPTY,EMPTY
549,inspect_inventory,2020-02-25 10:14:39,59,[113],EMPTY,9,106,EMPTY
550,return_inventory,2020-02-25 10:15:13,59,[51],60,EMPTY,EMPTY,EMPTY
551,inspect_inventory,2020-02-25 10:15:43,59,[51],EMPTY,11,107,EMPTY
552,return_inventory,2020-02-25 20:41:14,60,[161],61,EMPTY,EMPTY,EMPTY
553,inspect_inventory,2020-02-25 20:41:46,60,[161],EMPTY,16,108,EMPTY
554,return_inventory,2020-02-25 20:43:25,60,[131],61,EMPTY,EMPTY,EMPTY
555,inspect_inventory,2020-02-25 20:44:39,60,[131],EMPTY,20,109,EMPTY
556,return_inventory,2020-02-26 00:26:55,57,[40],58,EMPTY,EMPTY,EMPTY
557,inspect_inventory,2020-02-26 00:27:26,57,[40],EMPTY,8,102,EMPTY
558,return_inventory,2020-02-26 00:29:04,57,[47],58,EMPTY,EMPTY,EMPTY
559,inspect_inventory,2020-02-26 00:29:53,57,[47],EMPTY,13,103,EMPTY
560,lend_inventory,2020-02-26 20:51:46,62,"[117, 165]",63,EMPTY,EMPTY,EMPTY
561,return_inventory,2020-02-27 05:07:58,58,[128],59,EMPTY,EMPTY,EMPTY
562,inspect_inventory,2020-02-27 05:09:03,58,[128],EMPTY,19,104,EMPTY
563,return_inventory,2020-02-27 05:09:52,58,[108],59,EMPTY,EMPTY,EMPTY
564,inspect_inventory,2020-02-27 05:11:05,58,[108],EMPTY,17,105,EMPTY
565,return_inventory,2020-02-28 01:00:46,62,[117],63,EMPTY,EMPTY,EMPTY
566,inspect_inventory,2020-02-28 01:02:14,62,[117],EMPTY,16,112,EMPTY
567,return_inventory,2020-02-28 01:03:44,62,[165],63,EMPTY,EMPTY,EMPTY
568,inspect_inventory,2020-02-28 01:05:21,62,[165],EMPTY,18,113,EMPTY
569,create_payment,2020-02-28 01:06:21,62,EMPTY,EMPTY,13,EMPTY,68
570,create_payment,2020-02-28 01:06:21,62,EMPTY,EMPTY,EMPTY,EMPTY,68
571,confirm_payment,2020-02-28 01:07:02,EMPTY,EMPTY,EMPTY,9,EMPTY,68
572,create_rental,2020-02-28 06:31:44,63,"[110, 167]",64,EMPTY,EMPTY,EMPTY
573,create_payment,2020-02-28 06:32:27,63,EMPTY,EMPTY,15,EMPTY,69
574,confirm_payment,2020-02-28 15:10:27,EMPTY,EMPTY,EMPTY,8,EMPTY,69
575,confirm_rental,2020-02-28 15:11:03,63,EMPTY,EMPTY,EMPTY,EMPTY,EMPTY
576,create_rental,2020-02-29 05:16:09,64,"[31, 103]",65,EMPTY,EMPTY,EMPTY
577,create_payment,2020-02-29 05:17:29,64,EMPTY,EMPTY,14,EMPTY,70
578,confirm_payment,2020-02-29 09:49:29,EMPTY,EMPTY,EMPTY,12,EMPTY,70
579,confirm_rental,2020-02-29 09:51:00,64,EMPTY,EMPTY,EMPTY,EMPTY,EMPTY
580,lend_inventory,2020-02-29 21:40:00,64,"[31, 103]",65,EMPTY,EMPTY,EMPTY
581,create_rental,2020-02-29 23:37:46,65,"[42, 53]",66,EMPTY,EMPTY,EMPTY
582,create_payment,2020-02-29 23:38:37,65,EMPTY,EMPTY,7,EMPTY,71
583,lend_inventory,2020-03-01 07:07:03,63,"[110, 167]",64,EMPTY,EMPTY,EMPTY
584,create_rental,2020-03-01 07:39:37,66,"[59, 69]",67,EMPTY,EMPTY,EMPTY
585,create_payment,2020-03-01 07:40:58,66,EMPTY,EMPTY,2,EMPTY,72
586,confirm_payment,2020-03-01 07:42:37,EMPTY,EMPTY,EMPTY,8,EMPTY,71
587,confirm_rental,2020-03-01 07:43:38,65,EMPTY,EMPTY,EMPTY,EMPTY,EMPTY
588,create_rental,2020-03-01 23:29:44,67,"[155, 14]",68,EMPTY,EMPTY,EMPTY
589,create_payment,2020-03-01 23:30:45,67,EMPTY,EMPTY,13,EMPTY,73
590,confirm_payment,2020-03-01 23:34:45,EMPTY,EMPTY,EMPTY,6,EMPTY,73
591,confirm_rental,2020-03-01 23:35:32,67,EMPTY,EMPTY,EMPTY,EMPTY,EMPTY
592,create_rental,2020-03-02 05:51:15,68,"[73, 94]",69,EMPTY,EMPTY,EMPTY
593,create_payment,2020-03-02 05:52:09,68,EMPTY,EMPTY,14,EMPTY,74
594,confirm_payment,2020-03-02 06:59:58,EMPTY,EMPTY,EMPTY,9,EMPTY,72
595,confirm_rental,2020-03-02 07:01:05,66,EMPTY,EMPTY,EMPTY,EMPTY,EMPTY
596,lend_inventory,2020-03-02 08:28:38,65,"[42, 53]",66,EMPTY,EMPTY,EMPTY
597,create_rental,2020-03-02 10:37:49,69,"[145, 117]",70,EMPTY,EMPTY,EMPTY
598,create_payment,2020-03-02 10:39:00,69,EMPTY,EMPTY,20,EMPTY,75
599,confirm_payment,2020-03-02 10:41:00,EMPTY,EMPTY,EMPTY,20,EMPTY,75
600,confirm_rental,2020-03-02 10:42:36,69,EMPTY,EMPTY,EMPTY,EMPTY,EMPTY
601,confirm_payment,2020-03-02 18:59:09,EMPTY,EMPTY,EMPTY,20,EMPTY,74
602,confirm_rental,2020-03-02 19:00:33,68,EMPTY,EMPTY,EMPTY,EMPTY,EMPTY
603,return_inventory,2020-03-03 09:11:03,63,[110],64,EMPTY,EMPTY,EMPTY
604,lend_inventory,2020-03-03 09:11:32,67,"[155, 14]",68,EMPTY,EMPTY,EMPTY
605,inspect_inventory,2020-03-03 09:12:24,63,[110],EMPTY,9,114,EMPTY
606,return_inventory,2020-03-03 09:13:30,63,[167],64,EMPTY,EMPTY,EMPTY
607,inspect_inventory,2020-03-03 09:14:37,63,[167],EMPTY,17,115,EMPTY
608,return_inventory,2020-03-03 22:05:00,64,[31],65,EMPTY,EMPTY,EMPTY
609,inspect_inventory,2020-03-03 22:06:07,64,[31],EMPTY,12,116,EMPTY
610,return_inventory,2020-03-03 22:07:06,64,[103],65,EMPTY,EMPTY,EMPTY
611,inspect_inventory,2020-03-03 22:07:55,64,[103],EMPTY,1,117,EMPTY
612,lend_inventory,2020-03-04 01:08:36,69,"[145, 117]",70,EMPTY,EMPTY,EMPTY
613,lend_inventory,2020-03-04 08:10:33,68,"[73, 94]",69,EMPTY,EMPTY,EMPTY
614,return_inventory,2020-03-04 17:21:38,65,[42],66,EMPTY,EMPTY,EMPTY
615,inspect_inventory,2020-03-04 17:22:24,65,[42],EMPTY,7,118,EMPTY
616,return_inventory,2020-03-04 17:23:57,65,[53],66,EMPTY,EMPTY,EMPTY
617,inspect_inventory,2020-03-04 17:24:55,65,[53],EMPTY,20,119,EMPTY
618,return_inventory,2020-03-04 20:18:33,68,[73],69,EMPTY,EMPTY,EMPTY
619,inspect_inventory,2020-03-04 20:19:47,68,[73],EMPTY,20,124,EMPTY
620,return_inventory,2020-03-04 20:20:44,68,[94],69,EMPTY,EMPTY,EMPTY
621,inspect_inventory,2020-03-04 20:22:24,68,[94],EMPTY,15,125,EMPTY
622,return_inventory,2020-03-05 07:31:32,67,[155],68,EMPTY,EMPTY,EMPTY
623,inspect_inventory,2020-03-05 07:32:02,67,[155],EMPTY,5,122,EMPTY
624,return_inventory,2020-03-05 07:32:54,67,[14],68,EMPTY,EMPTY,EMPTY
625,inspect_inventory,2020-03-05 07:33:59,67,[14],EMPTY,11,123,EMPTY
626,lend_inventory,2020-03-05 23:11:05,66,"[59, 69]",67,EMPTY,EMPTY,EMPTY
627,return_inventory,2020-03-05 23:54:05,66,[59],67,EMPTY,EMPTY,EMPTY
628,inspect_inventory,2020-03-05 23:55:13,66,[59],EMPTY,7,120,EMPTY
629,return_inventory,2020-03-05 23:56:33,66,[69],67,EMPTY,EMPTY,EMPTY
630,inspect_inventory,2020-03-05 23:57:46,66,[69],EMPTY,6,121,EMPTY
631,return_inventory,2020-03-06 14:02:36,69,[145],70,EMPTY,EMPTY,EMPTY
632,inspect_inventory,2020-03-06 14:03:25,69,[145],EMPTY,20,126,EMPTY
633,return_inventory,2020-03-06 14:04:12,69,[117],70,EMPTY,EMPTY,EMPTY
634,inspect_inventory,2020-03-06 14:05:41,69,[117],EMPTY,7,127,EMPTY
635,create_payment,2020-03-06 14:06:49,69,EMPTY,EMPTY,9,EMPTY,76
636,create_payment,2020-03-06 14:06:49,69,EMPTY,EMPTY,EMPTY,EMPTY,76
637,confirm_payment,2020-03-06 14:08:03,EMPTY,EMPTY,EMPTY,20,EMPTY,76
638,create_rental,2020-03-06 16:47:36,70,"[110, 22]",71,EMPTY,EMPTY,EMPTY
639,create_payment,2020-03-06 16:48:56,70,EMPTY,EMPTY,3,EMPTY,77
640,confirm_payment,2020-03-06 22:16:56,EMPTY,EMPTY,EMPTY,12,EMPTY,77
641,confirm_rental,2020-03-06 22:17:33,70,EMPTY,EMPTY,EMPTY,EMPTY,EMPTY
642,create_rental,2020-03-07 13:01:35,71,"[47, 31]",72,EMPTY,EMPTY,EMPTY
643,create_payment,2020-03-07 13:02:23,71,EMPTY,EMPTY,17,EMPTY,78
644,create_rental,2020-03-07 21:14:18,72,"[152, 116]",73,EMPTY,EMPTY,EMPTY
645,create_payment,2020-03-07 21:15:09,72,EMPTY,EMPTY,1,EMPTY,79
646,confirm_payment,2020-03-08 04:38:09,EMPTY,EMPTY,EMPTY,11,EMPTY,79
647,confirm_rental,2020-03-08 04:39:28,72,EMPTY,EMPTY,EMPTY,EMPTY,EMPTY
648,confirm_payment,2020-03-08 06:33:23,EMPTY,EMPTY,EMPTY,5,EMPTY,78
649,confirm_rental,2020-03-08 06:34:16,71,EMPTY,EMPTY,EMPTY,EMPTY,EMPTY
650,create_rental,2020-03-08 21:48:52,73,[59],74,EMPTY,EMPTY,EMPTY
651,create_payment,2020-03-08 21:49:34,73,EMPTY,EMPTY,2,EMPTY,80
652,create_rental,2020-03-08 23:49:29,74,"[107, 5]",75,EMPTY,EMPTY,EMPTY
653,create_payment,2020-03-08 23:51:02,74,EMPTY,EMPTY,3,EMPTY,81
654,create_rental,2020-03-09 00:33:38,75,"[118, 159]",76,EMPTY,EMPTY,EMPTY
655,create_payment,2020-03-09 00:34:39,75,EMPTY,EMPTY,11,EMPTY,82
656,lend_inventory,2020-03-09 11:32:28,72,"[152, 116]",73,EMPTY,EMPTY,EMPTY
657,create_rental,2020-03-09 12:45:40,76,"[98, 91]",77,EMPTY,EMPTY,EMPTY
658,create_payment,2020-03-09 12:46:15,76,EMPTY,EMPTY,8,EMPTY,83
659,confirm_payment,2020-03-09 18:15:34,EMPTY,EMPTY,EMPTY,20,EMPTY,80
660,confirm_rental,2020-03-09 18:16:50,73,EMPTY,EMPTY,EMPTY,EMPTY,EMPTY
661,confirm_payment,2020-03-09 20:51:02,EMPTY,EMPTY,EMPTY,8,EMPTY,81
662,confirm_rental,2020-03-09 20:52:19,74,EMPTY,EMPTY,EMPTY,EMPTY,EMPTY
663,confirm_payment,2020-03-09 21:12:39,EMPTY,EMPTY,EMPTY,14,EMPTY,82
664,confirm_rental,2020-03-09 21:13:22,75,EMPTY,EMPTY,EMPTY,EMPTY,EMPTY
665,create_rental,2020-03-10 00:27:56,77,"[110, 6]",78,EMPTY,EMPTY,EMPTY
666,create_payment,2020-03-10 00:29:34,77,EMPTY,EMPTY,10,EMPTY,84
667,confirm_payment,2020-03-10 03:19:34,EMPTY,EMPTY,EMPTY,5,EMPTY,84
668,confirm_rental,2020-03-10 03:20:30,77,EMPTY,EMPTY,EMPTY,EMPTY,EMPTY
669,lend_inventory,2020-03-10 07:50:33,70,"[110, 22]",71,EMPTY,EMPTY,EMPTY
670,return_inventory,2020-03-10 10:38:28,72,[152],73,EMPTY,EMPTY,EMPTY
671,inspect_inventory,2020-03-10 10:39:24,72,[152],EMPTY,14,132,EMPTY
672,return_inventory,2020-03-10 10:40:14,72,[116],73,EMPTY,EMPTY,EMPTY
673,inspect_inventory,2020-03-10 10:41:35,72,[116],EMPTY,17,133,EMPTY
674,confirm_payment,2020-03-10 13:19:15,EMPTY,EMPTY,EMPTY,17,EMPTY,83
675,confirm_rental,2020-03-10 13:19:56,76,EMPTY,EMPTY,EMPTY,EMPTY,EMPTY
676,create_rental,2020-03-10 18:48:11,78,"[112, 120]",79,EMPTY,EMPTY,EMPTY
677,create_payment,2020-03-10 18:49:35,78,EMPTY,EMPTY,13,EMPTY,85
678,lend_inventory,2020-03-10 22:15:16,71,"[47, 31]",72,EMPTY,EMPTY,EMPTY
679,confirm_payment,2020-03-10 23:20:35,EMPTY,EMPTY,EMPTY,20,EMPTY,85
680,confirm_rental,2020-03-10 23:22:01,78,EMPTY,EMPTY,EMPTY,EMPTY,EMPTY
681,lend_inventory,2020-03-11 00:00:22,75,"[118, 159]",76,EMPTY,EMPTY,EMPTY
682,return_inventory,2020-03-11 03:19:16,71,[47],72,EMPTY,EMPTY,EMPTY
683,inspect_inventory,2020-03-11 03:20:00,71,[47],EMPTY,6,130,EMPTY
684,return_inventory,2020-03-11 03:21:05,71,[31],72,EMPTY,EMPTY,EMPTY
685,inspect_inventory,2020-03-11 03:22:05,71,[31],EMPTY,13,131,EMPTY
686,cancel_inventory,2020-03-11 03:31:11,78,[120],79,EMPTY,EMPTY,EMPTY
687,cancel_inventory,2020-03-11 07:00:46,76,[91],77,EMPTY,EMPTY,EMPTY
688,lend_inventory,2020-03-11 11:02:50,73,[59],74,EMPTY,EMPTY,EMPTY
689,return_inventory,2020-03-12 02:56:50,73,[59],74,EMPTY,EMPTY,EMPTY
690,inspect_inventory,2020-03-12 02:58:04,73,[59],EMPTY,20,134,EMPTY
691,return_inventory,2020-03-12 04:40:33,70,[110],71,EMPTY,EMPTY,EMPTY
692,inspect_inventory,2020-03-12 04:41:33,70,[110],EMPTY,3,128,EMPTY
693,return_inventory,2020-03-12 04:42:18,70,[22],71,EMPTY,EMPTY,EMPTY
694,inspect_inventory,2020-03-12 04:42:56,70,[22],EMPTY,19,129,EMPTY
695,return_inventory,2020-03-12 17:36:22,75,[118],76,EMPTY,EMPTY,EMPTY
696,inspect_inventory,2020-03-12 17:37:26,75,[118],EMPTY,17,137,EMPTY
697,return_inventory,2020-03-12 17:38:58,75,[159],76,EMPTY,EMPTY,EMPTY
698,inspect_inventory,2020-03-12 17:40:29,75,[159],EMPTY,16,138,EMPTY
699,lend_inventory,2020-03-12 18:59:19,74,"[107, 5]",75,EMPTY,EMPTY,EMPTY
700,lend_inventory,2020-03-12 21:35:30,77,"[110, 6]",78,EMPTY,EMPTY,EMPTY
701,lend_inventory,2020-03-12 21:46:46,76,[98],77,EMPTY,EMPTY,EMPTY
702,lend_inventory,2020-03-12 23:57:11,78,[112],79,EMPTY,EMPTY,EMPTY
703,return_inventory,2020-03-13 00:34:11,78,[112],79,EMPTY,EMPTY,EMPTY
704,inspect_inventory,2020-03-13 00:34:48,78,[112],EMPTY,20,142,EMPTY
705,return_inventory,2020-03-13 19:57:46,76,[98],77,EMPTY,EMPTY,EMPTY
706,inspect_inventory,2020-03-13 19:59:10,76,[98],EMPTY,14,139,EMPTY
707,return_inventory,2020-03-13 20:09:19,74,[107],75,EMPTY,EMPTY,EMPTY
708,inspect_inventory,2020-03-13 20:09:51,74,[107],EMPTY,8,135,EMPTY
709,return_inventory,2020-03-13 20:10:23,74,[5],75,EMPTY,EMPTY,EMPTY
710,inspect_inventory,2020-03-13 20:11:59,74,[5],EMPTY,12,136,EMPTY
711,return_inventory,2020-03-15 10:06:30,77,[110],78,EMPTY,EMPTY,EMPTY
712,inspect_inventory,2020-03-15 10:07:16,77,[110],EMPTY,2,140,EMPTY
713,return_inventory,2020-03-15 10:08:42,77,[6],78,EMPTY,EMPTY,EMPTY
714,inspect_inventory,2020-03-15 10:10:21,77,[6],EMPTY,5,141,EMPTY
