,activity_name,timestamp,rental_id,inventory,customer,staff,inspection,payment
0,create_rental,2020-01-01 00:00:00,0,"[142, 134]",1,,,
1,create_payment,2020-01-01 00:01:21,0,,,,,0
2,confirm_payment,2020-01-01 07:24:21,0,,,,,0
3,confirm_rental,2020-01-01 07:25:29,0,,,,,
4,create_rental,2020-01-01 20:34:39,1,"[162, 47]",2,,,
5,create_payment,2020-01-01 20:35:29,1,,,,,1
6,confirm_payment,2020-01-02 09:20:29,1,,,,,1
7,confirm_rental,2020-01-02 09:21:51,1,,,,,
8,lend_inventory,2020-01-02 11:30:29,0,"[0, 1]",1,,,
9,create_rental,2020-01-02 11:39:56,2,"[128, 116]",3,,,
10,create_payment,2020-01-02 11:40:54,2,,,,,2
11,create_rental,2020-01-02 14:42:00,3,"[27, 13]",4,,,
12,create_payment,2020-01-02 14:42:41,3,,,,,3
13,create_rental,2020-01-02 19:58:54,4,[131],5,,,
14,create_payment,2020-01-02 19:59:46,4,,,,,4
15,confirm_payment,2020-01-03 04:21:54,2,,,,,2
16,confirm_rental,2020-01-03 04:23:22,2,,,,,
17,create_rental,2020-01-03 06:27:03,5,"[81, 10]",6,,,
18,create_payment,2020-01-03 06:27:48,5,,,,,5
19,confirm_payment,2020-01-03 07:18:41,3,,,,,3
20,confirm_rental,2020-01-03 07:19:47,3,,,,,
21,confirm_payment,2020-01-03 10:22:46,4,,,,,4
22,confirm_rental,2020-01-03 10:23:55,4,,,,,
23,confirm_payment,2020-01-03 12:23:48,5,,,,,5
24,confirm_rental,2020-01-03 12:24:42,5,,,,,
25,create_rental,2020-01-03 13:21:56,6,"[41, 135]",7,,,
26,create_payment,2020-01-03 13:23:01,6,,,,,6
27,create_rental,2020-01-03 15:53:40,7,"[82, 20]",8,,,
28,create_payment,2020-01-03 15:54:54,7,,,,,7
29,confirm_payment,2020-01-03 22:21:01,6,,,,,6
30,confirm_rental,2020-01-03 22:21:33,6,,,,,
31,create_rental,2020-01-04 01:30:18,8,"[19, 31]",9,,,
32,create_payment,2020-01-04 01:31:45,8,,,,,8
33,create_rental,2020-01-04 02:32:56,9,"[128, 46]",10,,,
34,create_payment,2020-01-04 02:33:47,9,,,,,9
35,return_inventory,2020-01-04 03:34:29,0,[0],1,,,
36,inspect_inventory,2020-01-04 03:34:29,,[0],,16,0,
37,inspect_inventory,2020-01-04 03:35:47,,[1],,4,1,
38,return_inventory,2020-01-04 03:35:47,0,[1],1,,,
39,confirm_payment,2020-01-04 03:42:54,7,,,,,7
40,confirm_rental,2020-01-04 03:44:25,7,,,,,
41,lend_inventory,2020-01-04 04:44:55,4,[8],5,,,
42,confirm_payment,2020-01-04 10:28:47,9,,,,,9
43,confirm_rental,2020-01-04 10:30:13,9,,,,,
44,lend_inventory,2020-01-04 14:38:47,3,"[6, 7]",4,,,
45,confirm_payment,2020-01-04 17:17:45,8,,,,,8
46,confirm_rental,2020-01-04 17:18:31,8,,,,,
47,create_rental,2020-01-04 21:56:10,10,"[96, 4]",11,,,
48,create_payment,2020-01-04 21:57:18,10,,,,,10
49,confirm_payment,2020-01-05 03:15:18,10,,,,,10
50,confirm_rental,2020-01-05 03:16:22,10,,,,,
51,lend_inventory,2020-01-05 14:01:51,1,"[2, 3]",2,,,
52,lend_inventory,2020-01-05 17:27:33,6,"[11, 12]",7,,,
53,inspect_inventory,2020-01-05 21:46:51,,[2],,15,2,
54,return_inventory,2020-01-05 21:46:51,1,[2],2,,,
55,return_inventory,2020-01-05 21:47:31,1,[3],2,,,
56,inspect_inventory,2020-01-05 21:47:31,,[3],,13,3,
57,create_rental,2020-01-05 21:48:51,11,[146],12,,,
58,create_payment,2020-01-05 21:50:16,11,,,,,11
59,create_rental,2020-01-05 21:59:23,12,[97],13,,,
60,create_payment,2020-01-05 22:00:50,12,,,,,12
61,create_rental,2020-01-05 22:32:08,13,"[67, 151]",14,,,
62,create_payment,2020-01-05 22:33:01,13,,,,,13
63,lend_inventory,2020-01-05 22:33:42,5,"[9, 10]",6,,,
64,confirm_payment,2020-01-05 22:35:50,12,,,,,12
65,confirm_rental,2020-01-05 22:36:49,12,,,,,
66,confirm_payment,2020-01-06 01:48:01,13,,,,,13
67,confirm_rental,2020-01-06 01:48:45,13,,,,,
68,confirm_payment,2020-01-06 03:40:16,11,,,,,11
69,confirm_rental,2020-01-06 03:40:54,11,,,,,
70,lend_inventory,2020-01-06 06:47:22,10,"[19, 20]",11,,,
71,create_rental,2020-01-06 11:25:24,14,"[24, 142]",15,,,
72,create_payment,2020-01-06 11:26:22,14,,,,,14
73,return_inventory,2020-01-06 16:04:47,3,[6],4,,,
74,inspect_inventory,2020-01-06 16:04:47,,[6],,5,6,
75,inspect_inventory,2020-01-06 16:05:55,,[7],,16,7,
76,return_inventory,2020-01-06 16:05:55,3,[7],4,,,
77,lend_inventory,2020-01-06 16:39:31,8,"[15, 16]",9,,,
78,return_inventory,2020-01-06 17:20:55,4,[8],5,,,
79,inspect_inventory,2020-01-06 17:20:55,,[8],,11,8,
80,lend_inventory,2020-01-06 18:37:54,11,[21],12,,,
81,confirm_payment,2020-01-06 20:49:22,14,,,,,14
82,confirm_rental,2020-01-06 20:50:21,14,,,,,
83,lend_inventory,2020-01-06 21:42:22,2,"[4, 5]",3,,,
84,lend_inventory,2020-01-07 05:47:25,7,"[13, 14]",8,,,
85,lend_inventory,2020-01-07 09:23:13,9,"[17, 18]",10,,,
86,lend_inventory,2020-01-07 10:02:45,13,"[23, 24]",14,,,
87,create_rental,2020-01-07 10:39:24,15,"[120, 85]",16,,,
88,create_payment,2020-01-07 10:40:28,15,,,,,15
89,return_inventory,2020-01-07 12:59:33,6,[11],7,,,
90,inspect_inventory,2020-01-07 12:59:33,,[11],,20,11,
91,inspect_inventory,2020-01-07 13:01:11,,[12],,4,12,
92,return_inventory,2020-01-07 13:01:11,6,[12],7,,,
93,confirm_payment,2020-01-07 19:52:28,15,,,,,15
94,confirm_rental,2020-01-07 19:54:05,15,,,,,
95,lend_inventory,2020-01-08 00:02:49,12,[22],13,,,
96,inspect_inventory,2020-01-08 00:29:22,,[19],,5,19,
97,return_inventory,2020-01-08 00:29:22,10,[19],11,,,
98,inspect_inventory,2020-01-08 00:30:18,,[20],,8,20,
99,return_inventory,2020-01-08 00:30:18,10,[20],11,,,
100,return_inventory,2020-01-08 04:32:42,5,[9],6,,,
101,inspect_inventory,2020-01-08 04:32:42,,[9],,8,9,
102,inspect_inventory,2020-01-08 04:33:28,,[10],,4,10,
103,return_inventory,2020-01-08 04:33:28,5,[10],6,,,
104,inspect_inventory,2020-01-08 10:26:49,,[22],,8,22,
105,return_inventory,2020-01-08 10:26:49,12,[22],13,,,
106,return_inventory,2020-01-08 17:03:13,9,[17],10,,,
107,inspect_inventory,2020-01-08 17:03:13,,[17],,7,17,
108,return_inventory,2020-01-08 17:04:34,9,[18],10,,,
109,inspect_inventory,2020-01-08 17:04:34,,[18],,16,18,
110,return_inventory,2020-01-08 19:11:25,7,[13],8,,,
111,inspect_inventory,2020-01-08 19:11:25,,[13],,20,13,
112,return_inventory,2020-01-08 19:12:48,7,[14],8,,,
113,inspect_inventory,2020-01-08 19:12:48,,[14],,7,14,
114,lend_inventory,2020-01-09 03:15:21,14,"[25, 26]",15,,,
115,return_inventory,2020-01-09 08:43:22,2,[4],3,,,
116,inspect_inventory,2020-01-09 08:43:22,,[4],,20,4,
117,return_inventory,2020-01-09 08:44:18,2,[5],3,,,
118,inspect_inventory,2020-01-09 08:44:18,,[5],,5,5,
119,return_inventory,2020-01-09 08:48:31,8,[15],9,,,
120,inspect_inventory,2020-01-09 08:48:31,,[15],,10,15,
121,return_inventory,2020-01-09 08:49:25,8,[16],9,,,
122,inspect_inventory,2020-01-09 08:49:25,,[16],,15,16,
123,inspect_inventory,2020-01-09 09:47:54,,[21],,6,21,
124,return_inventory,2020-01-09 09:47:54,11,[21],12,,,
125,return_inventory,2020-01-10 09:17:45,13,[23],14,,,
126,inspect_inventory,2020-01-10 09:17:45,,[23],,6,23,
127,return_inventory,2020-01-10 09:18:25,13,[24],14,,,
128,inspect_inventory,2020-01-10 09:18:25,,[24],,18,24,
129,lend_inventory,2020-01-11 10:42:05,15,"[27, 28]",16,,,
130,inspect_inventory,2020-01-11 16:18:21,,[25],,8,25,
131,return_inventory,2020-01-11 16:18:21,14,[25],15,,,
132,return_inventory,2020-01-11 16:19:06,14,[26],15,,,
133,inspect_inventory,2020-01-11 16:19:06,,[26],,18,26,
134,return_inventory,2020-01-13 13:28:05,15,[27],16,,,
135,inspect_inventory,2020-01-13 13:28:05,,[27],,4,27,
136,confirm_payment,2020-01-13 13:28:05,15,,,,,15
137,return_inventory,2020-01-13 13:29:20,15,[28],16,,,
138,inspect_inventory,2020-01-13 13:29:20,,[28],,18,28,
139,create_payment,2020-01-13 13:30:01,15,,,,,16
140,create_rental,2020-01-13 14:02:29,16,"[137, 111]",17,,,
141,create_payment,2020-01-13 14:03:21,16,,,,,17
142,confirm_payment,2020-01-14 00:43:21,16,,,,,17
143,confirm_rental,2020-01-14 00:43:52,16,,,,,
144,create_rental,2020-01-14 06:01:53,17,"[75, 11]",18,,,
145,create_payment,2020-01-14 06:02:43,17,,,,,18
146,confirm_payment,2020-01-14 07:19:43,17,,,,,18
147,confirm_rental,2020-01-14 07:20:32,17,,,,,
148,cancel_inventory,2020-01-14 21:00:08,16,[29],17,,,
149,lend_inventory,2020-01-15 00:44:32,17,"[31, 32]",18,,,
150,create_rental,2020-01-15 04:58:42,18,"[136, 63]",19,,,
151,create_payment,2020-01-15 04:59:48,18,,,,,19
152,lend_inventory,2020-01-15 14:38:08,16,[30],17,,,
153,confirm_payment,2020-01-15 22:15:48,18,,,,,19
154,confirm_rental,2020-01-15 22:16:31,18,,,,,
155,create_rental,2020-01-16 03:09:06,19,"[97, 18]",20,,,
156,create_payment,2020-01-16 03:09:59,19,,,,,20
157,create_rental,2020-01-16 05:13:44,20,"[117, 149]",21,,,
158,create_payment,2020-01-16 05:14:42,20,,,,,21
159,create_rental,2020-01-16 12:58:11,21,"[82, 167]",22,,,
160,create_payment,2020-01-16 12:58:56,21,,,,,22
161,create_rental,2020-01-16 13:54:53,22,"[19, 70]",23,,,
162,create_payment,2020-01-16 13:56:22,22,,,,,23
163,return_inventory,2020-01-16 17:47:08,16,[30],17,,,
164,inspect_inventory,2020-01-16 17:47:08,,[30],,16,29,
165,create_rental,2020-01-16 19:47:32,23,"[137, 102]",24,,,
166,create_payment,2020-01-16 19:48:56,23,,,,,24
167,confirm_payment,2020-01-16 20:28:42,20,,,,,21
168,confirm_rental,2020-01-16 20:29:46,20,,,,,
169,create_rental,2020-01-16 20:57:06,24,"[50, 115]",25,,,
170,create_payment,2020-01-16 20:58:19,24,,,,,25
171,create_rental,2020-01-16 23:16:42,25,"[138, 14]",26,,,
172,create_payment,2020-01-16 23:17:28,25,,,,,26
173,confirm_payment,2020-01-16 23:32:59,19,,,,,20
174,confirm_rental,2020-01-16 23:33:29,19,,,,,
175,confirm_payment,2020-01-17 06:48:56,23,,,,,24
176,confirm_rental,2020-01-17 06:49:34,23,,,,,
177,inspect_inventory,2020-01-17 09:14:32,,[31],,17,30,
178,return_inventory,2020-01-17 09:14:32,17,[31],18,,,
179,inspect_inventory,2020-01-17 09:15:51,,[32],,12,31,
180,return_inventory,2020-01-17 09:15:51,17,[32],18,,,
181,confirm_payment,2020-01-17 10:24:56,21,,,,,22
182,confirm_rental,2020-01-17 10:26:02,21,,,,,
183,confirm_payment,2020-01-17 13:19:22,22,,,,,23
184,confirm_rental,2020-01-17 13:20:53,22,,,,,
185,confirm_payment,2020-01-17 17:28:28,25,,,,,26
186,confirm_rental,2020-01-17 17:30:03,25,,,,,
187,create_rental,2020-01-17 19:58:46,26,"[97, 26]",27,,,
188,create_payment,2020-01-17 19:59:24,26,,,,,27
189,confirm_payment,2020-01-17 21:05:19,24,,,,,25
190,confirm_rental,2020-01-17 21:05:58,24,,,,,
191,create_rental,2020-01-18 04:03:18,27,"[9, 62]",28,,,
192,create_payment,2020-01-18 04:04:54,27,,,,,28
193,cancel_inventory,2020-01-18 07:51:36,25,[47],26,,,
194,create_rental,2020-01-18 09:01:17,28,"[153, 82]",29,,,
195,create_payment,2020-01-18 09:01:56,28,,,,,29
196,confirm_payment,2020-01-18 09:58:56,28,,,,,29
197,confirm_rental,2020-01-18 09:59:57,28,,,,,
198,create_rental,2020-01-18 14:03:18,29,"[150, 103]",30,,,
199,create_payment,2020-01-18 14:04:49,29,,,,,30
200,confirm_payment,2020-01-18 14:05:24,26,,,,,27
201,confirm_rental,2020-01-18 14:06:32,26,,,,,
202,cancel_inventory,2020-01-18 15:29:37,28,[54],29,,,
203,confirm_payment,2020-01-18 20:11:54,27,,,,,28
204,confirm_rental,2020-01-18 20:12:41,27,,,,,
205,lend_inventory,2020-01-18 20:21:53,22,"[41, 42]",23,,,
206,confirm_payment,2020-01-18 23:55:49,29,,,,,30
207,confirm_rental,2020-01-18 23:56:46,29,,,,,
208,lend_inventory,2020-01-19 05:19:34,23,"[43, 44]",24,,,
209,lend_inventory,2020-01-19 12:16:31,18,"[33, 34]",19,,,
210,lend_inventory,2020-01-19 17:07:58,24,"[45, 46]",25,,,
211,inspect_inventory,2020-01-19 17:15:53,,[41],,3,40,
212,return_inventory,2020-01-19 17:15:53,22,[41],23,,,
213,inspect_inventory,2020-01-19 17:16:51,,[42],,8,41,
214,return_inventory,2020-01-19 17:16:51,22,[42],23,,,
215,lend_inventory,2020-01-19 17:22:02,21,"[39, 40]",22,,,
216,lend_inventory,2020-01-19 17:52:41,27,"[51, 52]",28,,,
217,lend_inventory,2020-01-19 22:10:29,19,"[35, 36]",20,,,
218,lend_inventory,2020-01-20 01:13:46,20,"[37, 38]",21,,,
219,lend_inventory,2020-01-20 08:54:46,29,"[55, 56]",30,,,
220,inspect_inventory,2020-01-20 10:14:34,,[43],,7,42,
221,return_inventory,2020-01-20 10:14:34,23,[43],24,,,
222,inspect_inventory,2020-01-20 10:15:22,,[44],,20,43,
223,return_inventory,2020-01-20 10:15:22,23,[44],24,,,
224,lend_inventory,2020-01-20 10:28:37,28,[53],29,,,
225,inspect_inventory,2020-01-20 21:32:31,,[33],,20,32,
226,return_inventory,2020-01-20 21:32:31,18,[33],19,,,
227,return_inventory,2020-01-20 21:33:40,18,[34],19,,,
228,inspect_inventory,2020-01-20 21:33:40,,[34],,18,33,
229,inspect_inventory,2020-01-21 05:26:02,,[39],,16,38,
230,return_inventory,2020-01-21 05:26:02,21,[39],22,,,
231,return_inventory,2020-01-21 05:27:12,21,[40],22,,,
232,inspect_inventory,2020-01-21 05:27:12,,[40],,17,39,
233,lend_inventory,2020-01-21 10:19:32,26,"[49, 50]",27,,,
234,lend_inventory,2020-01-21 11:37:36,25,[48],26,,,
235,inspect_inventory,2020-01-21 12:39:36,,[48],,18,46,
236,return_inventory,2020-01-21 12:39:36,25,[48],26,,,
237,return_inventory,2020-01-21 15:34:29,19,[35],20,,,
238,inspect_inventory,2020-01-21 15:34:29,,[35],,13,34,
239,return_inventory,2020-01-21 15:35:59,19,[36],20,,,
240,inspect_inventory,2020-01-21 15:35:59,,[36],,16,35,
241,return_inventory,2020-01-21 16:34:37,28,[53],29,,,
242,inspect_inventory,2020-01-21 16:34:37,,[53],,2,51,
243,return_inventory,2020-01-21 18:55:41,27,[51],28,,,
244,inspect_inventory,2020-01-21 18:55:41,,[51],,20,49,
245,return_inventory,2020-01-21 18:56:15,27,[52],28,,,
246,inspect_inventory,2020-01-21 18:56:15,,[52],,12,50,
247,inspect_inventory,2020-01-22 07:42:58,,[45],,12,44,
248,return_inventory,2020-01-22 07:42:58,24,[45],25,,,
249,return_inventory,2020-01-22 07:44:17,24,[46],25,,,
250,inspect_inventory,2020-01-22 07:44:17,,[46],,16,45,
251,inspect_inventory,2020-01-22 12:25:32,,[49],,18,47,
252,return_inventory,2020-01-22 12:25:32,26,[49],27,,,
253,return_inventory,2020-01-22 12:26:10,26,[50],27,,,
254,inspect_inventory,2020-01-22 12:26:10,,[50],,18,48,
255,inspect_inventory,2020-01-22 15:20:46,,[37],,15,36,
256,return_inventory,2020-01-22 15:20:46,20,[37],21,,,
257,return_inventory,2020-01-22 15:22:25,20,[38],21,,,
258,inspect_inventory,2020-01-22 15:22:25,,[38],,16,37,
259,inspect_inventory,2020-01-23 00:37:46,,[55],,20,52,
260,return_inventory,2020-01-23 00:37:46,29,[55],30,,,
261,confirm_payment,2020-01-23 00:37:46,29,,,,,30
262,inspect_inventory,2020-01-23 00:38:48,,[56],,8,53,
263,return_inventory,2020-01-23 00:38:48,29,[56],30,,,
264,create_payment,2020-01-23 00:39:49,29,,,,,31
265,create_rental,2020-01-23 16:04:16,30,"[33, 141]",31,,,
266,create_payment,2020-01-23 16:05:26,30,,,,,32
267,create_rental,2020-01-23 17:29:20,31,"[35, 69]",32,,,
268,create_payment,2020-01-23 17:30:24,31,,,,,33
269,create_rental,2020-01-23 21:11:31,32,"[58, 146]",33,,,
270,create_payment,2020-01-23 21:12:32,32,,,,,34
271,confirm_payment,2020-01-23 23:04:24,31,,,,,33
272,confirm_rental,2020-01-23 23:05:33,31,,,,,
273,create_rental,2020-01-24 08:04:12,33,"[114, 92]",34,,,
274,create_payment,2020-01-24 08:05:27,33,,,,,35
275,confirm_payment,2020-01-24 08:52:26,30,,,,,32
276,confirm_rental,2020-01-24 08:53:40,30,,,,,
277,confirm_payment,2020-01-24 17:01:32,32,,,,,34
278,confirm_rental,2020-01-24 17:02:15,32,,,,,
279,create_rental,2020-01-24 17:52:26,34,"[88, 64]",35,,,
280,create_payment,2020-01-24 17:52:56,34,,,,,36
281,lend_inventory,2020-01-25 02:38:33,31,"[59, 60]",32,,,
282,create_rental,2020-01-25 03:30:02,35,"[133, 7]",36,,,
283,create_payment,2020-01-25 03:30:40,35,,,,,37
284,confirm_payment,2020-01-25 03:45:27,33,,,,,35
285,confirm_rental,2020-01-25 03:46:30,33,,,,,
286,create_rental,2020-01-25 07:43:38,36,"[70, 31]",37,,,
287,create_payment,2020-01-25 07:45:10,36,,,,,38
288,confirm_payment,2020-01-25 10:33:56,34,,,,,36
289,confirm_rental,2020-01-25 10:35:03,34,,,,,
290,confirm_payment,2020-01-25 21:02:40,35,,,,,37
291,confirm_rental,2020-01-25 21:04:03,35,,,,,
292,confirm_payment,2020-01-25 23:28:10,36,,,,,38
293,confirm_rental,2020-01-25 23:29:11,36,,,,,
294,create_rental,2020-01-26 05:23:27,37,"[148, 141]",38,,,
295,create_payment,2020-01-26 05:24:26,37,,,,,39
296,confirm_payment,2020-01-26 07:16:26,37,,,,,39
297,confirm_rental,2020-01-26 07:17:27,37,,,,,
298,lend_inventory,2020-01-26 12:35:40,30,"[57, 58]",31,,,
299,lend_inventory,2020-01-26 20:01:11,36,"[69, 70]",37,,,
300,lend_inventory,2020-01-26 20:58:30,33,"[63, 64]",34,,,
301,lend_inventory,2020-01-27 03:50:27,37,"[71, 72]",38,,,
302,return_inventory,2020-01-27 12:12:40,30,[57],31,,,
303,inspect_inventory,2020-01-27 12:12:40,,[57],,20,54,
304,inspect_inventory,2020-01-27 12:13:44,,[58],,13,55,
305,return_inventory,2020-01-27 12:13:44,30,[58],31,,,
306,lend_inventory,2020-01-27 16:27:15,32,"[61, 62]",33,,,
307,return_inventory,2020-01-27 18:32:33,31,[59],32,,,
308,inspect_inventory,2020-01-27 18:32:33,,[59],,2,56,
309,return_inventory,2020-01-27 18:34:08,31,[60],32,,,
310,inspect_inventory,2020-01-27 18:34:08,,[60],,19,57,
311,return_inventory,2020-01-28 07:10:15,32,[61],33,,,
312,inspect_inventory,2020-01-28 07:10:15,,[61],,14,58,
313,return_inventory,2020-01-28 07:11:44,32,[62],33,,,
314,inspect_inventory,2020-01-28 07:11:44,,[62],,20,59,
315,lend_inventory,2020-01-28 09:45:03,34,"[65, 66]",35,,,
316,inspect_inventory,2020-01-28 22:11:30,,[63],,14,60,
317,return_inventory,2020-01-28 22:11:30,33,[63],34,,,
318,inspect_inventory,2020-01-28 22:12:22,,[64],,11,61,
319,return_inventory,2020-01-28 22:12:22,33,[64],34,,,
320,lend_inventory,2020-01-29 06:43:03,35,"[67, 68]",36,,,
321,inspect_inventory,2020-01-29 11:34:11,,[69],,16,66,
322,return_inventory,2020-01-29 11:34:11,36,[69],37,,,
323,return_inventory,2020-01-29 11:35:11,36,[70],37,,,
324,inspect_inventory,2020-01-29 11:35:11,,[70],,16,67,
325,confirm_payment,2020-01-29 23:48:27,37,,,,,39
326,return_inventory,2020-01-29 23:48:27,37,[71],38,,,
327,inspect_inventory,2020-01-29 23:48:27,,[71],,20,68,
328,confirm_payment,2020-01-29 23:48:27,37,,,,,39
329,return_inventory,2020-01-29 23:49:05,37,[72],38,,,
330,inspect_inventory,2020-01-29 23:49:05,,[72],,8,69,
331,create_payment,2020-01-29 23:49:22,37,,,,,40
332,create_payment,2020-01-29 23:50:16,37,,,,,41
333,create_rental,2020-01-30 12:10:28,38,"[156, 13]",39,,,
334,create_payment,2020-01-30 12:11:51,38,,,,,42
335,return_inventory,2020-01-30 22:24:03,34,[65],35,,,
336,inspect_inventory,2020-01-30 22:24:03,,[65],,20,62,
337,inspect_inventory,2020-01-30 22:24:46,,[66],,11,63,
338,return_inventory,2020-01-30 22:24:46,34,[66],35,,,
339,confirm_payment,2020-01-31 00:18:51,38,,,,,42
340,confirm_rental,2020-01-31 00:20:01,38,,,,,
341,create_rental,2020-01-31 02:04:21,39,"[131, 5]",40,,,
342,create_payment,2020-01-31 02:04:51,39,,,,,43
343,inspect_inventory,2020-01-31 05:06:03,,[67],,7,64,
344,return_inventory,2020-01-31 05:06:03,35,[67],36,,,
345,return_inventory,2020-01-31 05:07:21,35,[68],36,,,
346,inspect_inventory,2020-01-31 05:07:21,,[68],,18,65,
347,confirm_payment,2020-01-31 10:04:51,39,,,,,43
348,lend_inventory,2020-01-31 10:05:01,38,"[73, 74]",39,,,
349,confirm_rental,2020-01-31 10:05:54,39,,,,,
350,create_rental,2020-01-31 22:53:06,40,"[92, 159]",41,,,
351,create_payment,2020-01-31 22:53:54,40,,,,,44
352,confirm_payment,2020-02-01 01:06:54,40,,,,,44
353,confirm_rental,2020-02-01 01:07:57,40,,,,,
354,lend_inventory,2020-02-01 14:20:54,39,"[75, 76]",40,,,
355,create_rental,2020-02-01 17:18:38,41,"[88, 98]",42,,,
356,create_payment,2020-02-01 17:19:08,41,,,,,45
357,create_rental,2020-02-01 18:47:14,42,"[160, 82]",43,,,
358,create_payment,2020-02-01 18:48:41,42,,,,,46
359,confirm_payment,2020-02-02 03:25:41,42,,,,,46
360,confirm_rental,2020-02-02 03:26:41,42,,,,,
361,confirm_payment,2020-02-02 06:35:08,41,,,,,45
362,confirm_rental,2020-02-02 06:36:17,41,,,,,
363,create_rental,2020-02-02 07:15:07,43,"[85, 79]",44,,,
364,create_payment,2020-02-02 07:16:00,43,,,,,47
365,inspect_inventory,2020-02-02 10:09:54,,[75],,20,72,
366,return_inventory,2020-02-02 10:09:54,39,[75],40,,,
367,inspect_inventory,2020-02-02 10:11:16,,[76],,20,73,
368,return_inventory,2020-02-02 10:11:16,39,[76],40,,,
369,confirm_payment,2020-02-02 11:17:00,43,,,,,47
370,confirm_rental,2020-02-02 11:18:07,43,,,,,
371,return_inventory,2020-02-02 17:10:01,38,[73],39,,,
372,inspect_inventory,2020-02-02 17:10:01,,[73],,11,70,
373,return_inventory,2020-02-02 17:11:11,38,[74],39,,,
374,inspect_inventory,2020-02-02 17:11:11,,[74],,4,71,
375,create_rental,2020-02-03 07:55:24,44,"[116, 102]",45,,,
376,create_payment,2020-02-03 07:56:23,44,,,,,48
377,confirm_payment,2020-02-03 11:13:23,44,,,,,48
378,confirm_rental,2020-02-03 11:13:56,44,,,,,
379,create_rental,2020-02-03 15:33:33,45,"[156, 29]",46,,,
380,create_payment,2020-02-03 15:34:42,45,,,,,49
381,cancel_inventory,2020-02-03 20:16:09,44,[85],45,,,
382,lend_inventory,2020-02-04 09:49:57,40,"[77, 78]",41,,,
383,confirm_payment,2020-02-04 10:32:42,45,,,,,49
384,confirm_rental,2020-02-04 10:34:20,45,,,,,
385,lend_inventory,2020-02-04 11:26:20,45,"[87, 88]",46,,,
386,create_rental,2020-02-04 12:15:42,46,"[58, 63]",47,,,
387,create_payment,2020-02-04 12:16:30,46,,,,,50
388,lend_inventory,2020-02-04 13:53:41,42,"[81, 82]",43,,,
389,create_rental,2020-02-04 14:42:41,47,"[97, 147]",48,,,
390,create_payment,2020-02-04 14:44:08,47,,,,,51
391,lend_inventory,2020-02-04 22:28:17,41,"[79, 80]",42,,,
392,confirm_payment,2020-02-05 07:28:30,46,,,,,50
393,confirm_rental,2020-02-05 07:29:45,46,,,,,
394,create_rental,2020-02-05 08:31:21,48,"[144, 109]",49,,,
395,create_payment,2020-02-05 08:32:56,48,,,,,52
396,confirm_payment,2020-02-05 12:16:08,47,,,,,51
397,confirm_rental,2020-02-05 12:17:46,47,,,,,
398,inspect_inventory,2020-02-05 15:16:41,,[81],,6,78,
399,return_inventory,2020-02-05 15:16:41,42,[81],43,,,
400,inspect_inventory,2020-02-05 15:18:08,,[82],,13,79,
401,return_inventory,2020-02-05 15:18:08,42,[82],43,,,
402,cancel_inventory,2020-02-05 16:26:20,46,[89],47,,,
403,create_rental,2020-02-05 17:45:01,49,"[24, 166]",50,,,
404,create_payment,2020-02-05 17:45:42,49,,,,,53
405,inspect_inventory,2020-02-05 19:26:57,,[77],,16,74,
406,return_inventory,2020-02-05 19:26:57,40,[77],41,,,
407,return_inventory,2020-02-05 19:28:29,40,[78],41,,,
408,inspect_inventory,2020-02-05 19:28:29,,[78],,16,75,
409,create_rental,2020-02-05 23:33:24,50,"[19, 124]",51,,,
410,create_payment,2020-02-05 23:34:22,50,,,,,54
411,return_inventory,2020-02-06 00:05:17,41,[79],42,,,
412,inspect_inventory,2020-02-06 00:05:17,,[79],,9,76,
413,inspect_inventory,2020-02-06 00:06:20,,[80],,7,77,
414,return_inventory,2020-02-06 00:06:20,41,[80],42,,,
415,lend_inventory,2020-02-06 00:36:07,43,"[83, 84]",44,,,
416,return_inventory,2020-02-06 03:48:07,43,[83],44,,,
417,inspect_inventory,2020-02-06 03:48:07,,[83],,20,80,
418,return_inventory,2020-02-06 03:48:47,43,[84],44,,,
419,inspect_inventory,2020-02-06 03:48:47,,[84],,16,81,
420,confirm_payment,2020-02-06 04:02:56,48,,,,,52
421,confirm_rental,2020-02-06 04:04:11,48,,,,,
422,confirm_payment,2020-02-06 09:13:42,49,,,,,53
423,confirm_rental,2020-02-06 09:15:20,49,,,,,
424,inspect_inventory,2020-02-06 10:50:20,,[87],,17,83,
425,return_inventory,2020-02-06 10:50:20,45,[87],46,,,
426,return_inventory,2020-02-06 10:51:38,45,[88],46,,,
427,inspect_inventory,2020-02-06 10:51:38,,[88],,20,84,
428,create_rental,2020-02-06 11:26:57,51,"[122, 46]",52,,,
429,create_payment,2020-02-06 11:28:28,51,,,,,55
430,confirm_payment,2020-02-06 14:01:22,50,,,,,54
431,confirm_rental,2020-02-06 14:02:12,50,,,,,
432,lend_inventory,2020-02-07 01:12:09,44,[86],45,,,
433,lend_inventory,2020-02-07 04:22:11,48,"[93, 94]",49,,,
434,confirm_payment,2020-02-07 11:47:28,51,,,,,55
435,confirm_rental,2020-02-07 11:49:04,51,,,,,
436,return_inventory,2020-02-07 18:57:11,48,[93],49,,,
437,inspect_inventory,2020-02-07 18:57:11,,[93],,7,88,
438,inspect_inventory,2020-02-07 18:58:51,,[94],,20,89,
439,return_inventory,2020-02-07 18:58:51,48,[94],49,,,
440,lend_inventory,2020-02-08 05:35:20,46,[90],47,,,
441,return_inventory,2020-02-08 12:15:20,46,[90],47,,,
442,inspect_inventory,2020-02-08 12:15:20,,[90],,17,85,
443,inspect_inventory,2020-02-08 14:45:09,,[86],,4,82,
444,return_inventory,2020-02-08 14:45:09,44,[86],45,,,
445,lend_inventory,2020-02-09 02:55:20,49,"[95, 96]",50,,,
446,lend_inventory,2020-02-09 05:03:46,47,"[91, 92]",48,,,
447,lend_inventory,2020-02-10 10:06:04,51,"[99, 100]",52,,,
448,lend_inventory,2020-02-10 13:13:12,50,"[97, 98]",51,,,
449,return_inventory,2020-02-10 14:24:20,49,[95],50,,,
450,inspect_inventory,2020-02-10 14:24:20,,[95],,4,90,
451,inspect_inventory,2020-02-10 14:25:22,,[96],,8,91,
452,return_inventory,2020-02-10 14:25:22,49,[96],50,,,
453,return_inventory,2020-02-11 01:44:46,47,[91],48,,,
454,inspect_inventory,2020-02-11 01:44:46,,[91],,9,86,
455,inspect_inventory,2020-02-11 01:45:19,,[92],,4,87,
456,return_inventory,2020-02-11 01:45:19,47,[92],48,,,
457,confirm_payment,2020-02-11 17:39:04,51,,,,,55
458,return_inventory,2020-02-11 17:39:04,51,[99],52,,,
459,inspect_inventory,2020-02-11 17:39:04,,[99],,16,94,
460,return_inventory,2020-02-11 17:39:45,51,[100],52,,,
461,inspect_inventory,2020-02-11 17:39:45,,[100],,17,95,
462,create_payment,2020-02-11 17:40:31,51,,,,,56
463,inspect_inventory,2020-02-11 18:34:12,,[97],,14,92,
464,return_inventory,2020-02-11 18:34:12,50,[97],51,,,
465,return_inventory,2020-02-11 18:34:42,50,[98],51,,,
466,inspect_inventory,2020-02-11 18:34:42,,[98],,9,93,
467,create_rental,2020-02-12 05:37:06,52,[25],53,,,
468,create_payment,2020-02-12 05:38:27,52,,,,,57
469,confirm_payment,2020-02-12 14:03:27,52,,,,,57
470,confirm_rental,2020-02-12 14:04:01,52,,,,,
471,create_rental,2020-02-12 18:41:32,53,"[72, 34]",54,,,
472,create_payment,2020-02-12 18:42:47,53,,,,,58
473,confirm_payment,2020-02-13 00:29:47,53,,,,,58
474,confirm_rental,2020-02-13 00:31:05,53,,,,,
475,create_rental,2020-02-13 10:31:10,54,"[26, 18]",55,,,
476,create_payment,2020-02-13 10:32:33,54,,,,,59
477,confirm_payment,2020-02-13 22:03:33,54,,,,,59
478,confirm_rental,2020-02-13 22:04:55,54,,,,,
479,lend_inventory,2020-02-14 00:18:01,52,[101],53,,,
480,create_rental,2020-02-14 02:35:26,55,"[64, 65]",56,,,
481,create_payment,2020-02-14 02:36:50,55,,,,,60
482,lend_inventory,2020-02-14 03:01:55,54,"[104, 105]",55,,,
483,return_inventory,2020-02-14 06:02:01,52,[101],53,,,
484,inspect_inventory,2020-02-14 06:02:01,,[101],,10,96,
485,inspect_inventory,2020-02-14 14:56:55,,[104],,12,99,
486,return_inventory,2020-02-14 14:56:55,54,[104],55,,,
487,inspect_inventory,2020-02-14 14:58:09,,[105],,9,100,
488,return_inventory,2020-02-14 14:58:09,54,[105],55,,,
489,create_rental,2020-02-14 15:53:31,56,[133],57,,,
490,create_payment,2020-02-14 15:55:10,56,,,,,61
491,confirm_payment,2020-02-14 21:53:10,56,,,,,61
492,confirm_rental,2020-02-14 21:54:42,56,,,,,
493,lend_inventory,2020-02-15 01:52:05,53,"[102, 103]",54,,,
494,confirm_payment,2020-02-15 03:13:50,55,,,,,60
495,confirm_rental,2020-02-15 03:14:44,55,,,,,
496,create_rental,2020-02-15 04:35:53,57,"[120, 164]",58,,,
497,create_payment,2020-02-15 04:36:35,57,,,,,62
498,create_rental,2020-02-15 05:17:44,58,"[33, 141]",59,,,
499,create_payment,2020-02-15 05:18:15,58,,,,,63
500,lend_inventory,2020-02-15 10:16:44,55,"[106, 107]",56,,,
501,confirm_payment,2020-02-15 10:17:35,57,,,,,62
502,confirm_rental,2020-02-15 10:18:44,57,,,,,
503,confirm_payment,2020-02-15 11:38:15,58,,,,,63
504,confirm_rental,2020-02-15 11:39:50,58,,,,,
505,return_inventory,2020-02-15 15:55:44,55,[106],56,,,
506,inspect_inventory,2020-02-15 15:55:44,,[106],,20,101,
507,return_inventory,2020-02-15 15:56:15,55,[107],56,,,
508,inspect_inventory,2020-02-15 15:56:15,,[107],,12,102,
509,create_rental,2020-02-15 20:16:01,59,"[49, 83]",60,,,
510,create_payment,2020-02-15 20:16:52,59,,,,,64
511,inspect_inventory,2020-02-16 06:47:05,,[102],,16,97,
512,return_inventory,2020-02-16 06:47:05,53,[102],54,,,
513,inspect_inventory,2020-02-16 06:47:48,,[103],,3,98,
514,return_inventory,2020-02-16 06:47:48,53,[103],54,,,
515,lend_inventory,2020-02-16 10:28:50,58,"[111, 112]",59,,,
516,confirm_payment,2020-02-16 11:22:52,59,,,,,64
517,confirm_rental,2020-02-16 11:23:43,59,,,,,
518,create_rental,2020-02-16 17:09:22,60,"[136, 95]",61,,,
519,create_payment,2020-02-16 17:09:59,60,,,,,65
520,lend_inventory,2020-02-16 17:16:42,56,[108],57,,,
521,lend_inventory,2020-02-16 21:21:44,57,"[109, 110]",58,,,
522,confirm_payment,2020-02-17 07:45:59,60,,,,,65
523,confirm_rental,2020-02-17 07:47:38,60,,,,,
524,return_inventory,2020-02-17 12:58:50,58,[111],59,,,
525,inspect_inventory,2020-02-17 12:58:50,,[111],,16,106,
526,inspect_inventory,2020-02-17 12:59:59,,[112],,13,107,
527,return_inventory,2020-02-17 12:59:59,58,[112],59,,,
528,create_rental,2020-02-17 14:58:56,61,"[90, 43]",62,,,
529,create_payment,2020-02-17 14:59:43,61,,,,,66
530,cancel_inventory,2020-02-18 00:44:47,60,[115],61,,,
531,confirm_payment,2020-02-18 04:19:43,61,,,,,66
532,confirm_rental,2020-02-18 04:21:16,61,,,,,
533,create_rental,2020-02-18 09:19:35,62,"[9, 91]",63,,,
534,create_payment,2020-02-18 09:20:05,62,,,,,67
535,lend_inventory,2020-02-18 13:41:43,59,"[113, 114]",60,,,
536,confirm_payment,2020-02-18 15:06:05,62,,,,,67
537,confirm_rental,2020-02-18 15:07:28,62,,,,,
538,return_inventory,2020-02-18 15:47:42,56,[108],57,,,
539,inspect_inventory,2020-02-18 15:47:42,,[108],,14,103,
540,create_rental,2020-02-18 22:59:48,63,[160],64,,,
541,create_payment,2020-02-18 23:00:54,63,,,,,68
542,return_inventory,2020-02-19 04:42:44,57,[109],58,,,
543,inspect_inventory,2020-02-19 04:42:44,,[109],,2,104,
544,return_inventory,2020-02-19 04:43:55,57,[110],58,,,
545,inspect_inventory,2020-02-19 04:43:55,,[110],,19,105,
546,create_rental,2020-02-19 17:06:23,64,"[8, 39]",65,,,
547,create_payment,2020-02-19 17:07:30,64,,,,,69
548,confirm_payment,2020-02-19 21:40:54,63,,,,,68
549,confirm_rental,2020-02-19 21:42:16,63,,,,,
550,return_inventory,2020-02-19 21:53:43,59,[113],60,,,
551,inspect_inventory,2020-02-19 21:53:43,,[113],,9,108,
552,inspect_inventory,2020-02-19 21:55:14,,[114],,18,109,
553,return_inventory,2020-02-19 21:55:14,59,[114],60,,,
554,lend_inventory,2020-02-19 23:27:16,63,[121],64,,,
555,lend_inventory,2020-02-20 01:45:16,61,"[117, 118]",62,,,
556,lend_inventory,2020-02-20 12:53:28,62,"[119, 120]",63,,,
557,lend_inventory,2020-02-20 13:05:47,60,[116],61,,,
558,confirm_payment,2020-02-20 13:47:30,64,,,,,69
559,confirm_rental,2020-02-20 13:49:05,64,,,,,
560,inspect_inventory,2020-02-20 14:36:16,,[117],,8,111,
561,return_inventory,2020-02-20 14:36:16,61,[117],62,,,
562,inspect_inventory,2020-02-20 14:37:51,,[118],,11,112,
563,return_inventory,2020-02-20 14:37:51,61,[118],62,,,
564,inspect_inventory,2020-02-21 19:46:16,,[121],,19,115,
565,return_inventory,2020-02-21 19:46:16,63,[121],64,,,
566,inspect_inventory,2020-02-22 07:51:47,,[116],,11,110,
567,return_inventory,2020-02-22 07:51:47,60,[116],61,,,
568,inspect_inventory,2020-02-22 11:10:28,,[119],,16,113,
569,return_inventory,2020-02-22 11:10:28,62,[119],63,,,
570,return_inventory,2020-02-22 11:11:18,62,[120],63,,,
571,inspect_inventory,2020-02-22 11:11:18,,[120],,20,114,
572,lend_inventory,2020-02-22 22:13:05,64,"[122, 123]",65,,,
573,return_inventory,2020-02-24 09:56:05,64,[122],65,,,
574,inspect_inventory,2020-02-24 09:56:05,,[122],,17,116,
575,confirm_payment,2020-02-24 09:56:05,64,,,,,69
576,create_payment,2020-02-24 09:57:21,64,,,,,70
577,return_inventory,2020-02-24 09:57:32,64,[123],65,,,
578,inspect_inventory,2020-02-24 09:57:32,,[123],,16,117,
579,create_rental,2020-02-25 01:31:23,65,"[17, 105]",66,,,
580,create_payment,2020-02-25 01:32:14,65,,,,,71
581,confirm_payment,2020-02-25 07:40:14,65,,,,,71
582,confirm_rental,2020-02-25 07:41:53,65,,,,,
583,create_rental,2020-02-25 14:14:59,66,"[29, 87]",67,,,
584,create_payment,2020-02-25 14:16:10,66,,,,,72
585,create_rental,2020-02-26 10:01:32,67,"[56, 121]",68,,,
586,create_payment,2020-02-26 10:02:07,67,,,,,73
587,create_rental,2020-02-26 11:04:50,68,"[92, 118]",69,,,
588,create_payment,2020-02-26 11:05:29,68,,,,,74
589,confirm_payment,2020-02-26 12:51:10,66,,,,,72
590,confirm_rental,2020-02-26 12:52:47,66,,,,,
591,lend_inventory,2020-02-27 03:12:53,65,"[124, 125]",66,,,
592,create_rental,2020-02-27 08:19:46,69,"[88, 67]",70,,,
593,create_payment,2020-02-27 08:20:34,69,,,,,75
594,confirm_payment,2020-02-27 10:12:07,67,,,,,73
595,confirm_rental,2020-02-27 10:13:35,67,,,,,
596,confirm_payment,2020-02-27 10:59:29,68,,,,,74
597,confirm_rental,2020-02-27 11:00:42,68,,,,,
598,create_rental,2020-02-27 19:09:22,70,"[82, 54]",71,,,
599,create_payment,2020-02-27 19:09:58,70,,,,,76
600,confirm_payment,2020-02-27 21:10:34,69,,,,,75
601,confirm_rental,2020-02-27 21:11:50,69,,,,,
602,create_rental,2020-02-28 01:52:00,71,"[162, 164]",72,,,
603,create_payment,2020-02-28 01:53:11,71,,,,,77
604,create_rental,2020-02-28 11:58:37,72,"[141, 38]",73,,,
605,create_payment,2020-02-28 11:59:39,72,,,,,78
606,lend_inventory,2020-02-28 13:46:47,66,"[126, 127]",67,,,
607,confirm_payment,2020-02-28 14:26:58,70,,,,,76
608,confirm_rental,2020-02-28 14:27:39,70,,,,,
609,confirm_payment,2020-02-28 15:10:11,71,,,,,77
610,confirm_rental,2020-02-28 15:10:54,71,,,,,
611,cancel_inventory,2020-02-28 15:34:05,71,[136],72,,,
612,confirm_payment,2020-02-28 17:01:39,72,,,,,78
613,confirm_rental,2020-02-28 17:03:12,72,,,,,
614,lend_inventory,2020-02-29 07:13:42,68,"[130, 131]",69,,,
615,create_rental,2020-02-29 09:27:33,73,"[25, 36]",74,,,
616,create_payment,2020-02-29 09:29:02,73,,,,,79
617,return_inventory,2020-02-29 10:29:53,65,[124],66,,,
618,inspect_inventory,2020-02-29 10:29:53,,[124],,4,118,
619,return_inventory,2020-02-29 10:31:08,65,[125],66,,,
620,inspect_inventory,2020-02-29 10:31:08,,[125],,7,119,
621,create_rental,2020-02-29 17:16:51,74,"[146, 45]",75,,,
622,create_payment,2020-02-29 17:18:20,74,,,,,80
623,confirm_payment,2020-02-29 18:05:02,73,,,,,79
624,confirm_rental,2020-02-29 18:05:54,73,,,,,
625,lend_inventory,2020-02-29 23:34:50,69,"[132, 133]",70,,,
626,inspect_inventory,2020-03-01 04:04:42,,[130],,20,124,
627,return_inventory,2020-03-01 04:04:42,68,[130],69,,,
628,return_inventory,2020-03-01 04:06:06,68,[131],69,,,
629,inspect_inventory,2020-03-01 04:06:06,,[131],,9,125,
630,confirm_payment,2020-03-01 06:24:20,74,,,,,80
631,confirm_rental,2020-03-01 06:25:34,74,,,,,
632,create_rental,2020-03-01 12:50:12,75,"[21, 55]",76,,,
633,create_payment,2020-03-01 12:51:52,75,,,,,81
634,confirm_payment,2020-03-01 13:01:52,75,,,,,81
635,confirm_rental,2020-03-01 13:02:59,75,,,,,
636,lend_inventory,2020-03-01 13:25:39,70,"[134, 135]",71,,,
637,inspect_inventory,2020-03-01 17:12:39,,[134],,14,128,
638,return_inventory,2020-03-01 17:12:39,70,[134],71,,,
639,return_inventory,2020-03-01 17:13:20,70,[135],71,,,
640,inspect_inventory,2020-03-01 17:13:20,,[135],,20,129,
641,lend_inventory,2020-03-01 20:43:12,72,"[138, 139]",73,,,
642,lend_inventory,2020-03-01 21:19:35,67,"[128, 129]",68,,,
643,inspect_inventory,2020-03-01 21:19:47,,[126],,17,120,
644,return_inventory,2020-03-01 21:19:47,66,[126],67,,,
645,inspect_inventory,2020-03-01 21:20:43,,[127],,3,121,
646,return_inventory,2020-03-01 21:20:43,66,[127],67,,,
647,cancel_inventory,2020-03-01 22:10:05,74,[142],75,,,
648,create_rental,2020-03-02 06:22:42,76,"[144, 48]",77,,,
649,create_payment,2020-03-02 06:24:20,76,,,,,82
650,lend_inventory,2020-03-02 12:19:54,73,"[140, 141]",74,,,
651,confirm_payment,2020-03-02 13:46:20,76,,,,,82
652,confirm_rental,2020-03-02 13:47:08,76,,,,,
653,create_rental,2020-03-02 21:13:17,77,"[153, 54]",78,,,
654,create_payment,2020-03-02 21:14:43,77,,,,,83
655,confirm_payment,2020-03-02 22:49:43,77,,,,,83
656,confirm_rental,2020-03-02 22:50:36,77,,,,,
657,lend_inventory,2020-03-03 01:25:05,71,[137],72,,,
658,cancel_inventory,2020-03-03 07:10:39,76,[147],77,,,
659,create_rental,2020-03-03 08:49:04,78,"[120, 37]",79,,,
660,create_payment,2020-03-03 08:50:20,78,,,,,84
661,return_inventory,2020-03-03 10:04:50,69,[132],70,,,
662,inspect_inventory,2020-03-03 10:04:50,,[132],,5,126,
663,inspect_inventory,2020-03-03 10:05:51,,[133],,6,127,
664,return_inventory,2020-03-03 10:05:51,69,[133],70,,,
665,lend_inventory,2020-03-03 13:39:05,74,[143],75,,,
666,confirm_payment,2020-03-03 19:39:20,78,,,,,84
667,confirm_rental,2020-03-03 19:40:23,78,,,,,
668,return_inventory,2020-03-03 20:59:12,72,[138],73,,,
669,inspect_inventory,2020-03-03 20:59:12,,[138],,9,131,
670,inspect_inventory,2020-03-03 21:00:50,,[139],,12,132,
671,return_inventory,2020-03-03 21:00:50,72,[139],73,,,
672,lend_inventory,2020-03-03 22:13:59,75,"[144, 145]",76,,,
673,return_inventory,2020-03-04 05:28:35,67,[128],68,,,
674,inspect_inventory,2020-03-04 05:28:35,,[128],,1,122,
675,return_inventory,2020-03-04 05:29:59,67,[129],68,,,
676,inspect_inventory,2020-03-04 05:29:59,,[129],,9,123,
677,return_inventory,2020-03-04 13:02:59,75,[144],76,,,
678,inspect_inventory,2020-03-04 13:02:59,,[144],,14,136,
679,return_inventory,2020-03-04 13:03:50,75,[145],76,,,
680,inspect_inventory,2020-03-04 13:03:50,,[145],,20,137,
681,lend_inventory,2020-03-04 13:51:39,76,[146],77,,,
682,inspect_inventory,2020-03-04 18:15:54,,[140],,12,133,
683,return_inventory,2020-03-04 18:15:54,73,[140],74,,,
684,inspect_inventory,2020-03-04 18:16:37,,[141],,2,134,
685,return_inventory,2020-03-04 18:16:37,73,[141],74,,,
686,lend_inventory,2020-03-04 18:47:36,77,"[148, 149]",78,,,
687,return_inventory,2020-03-05 06:46:05,71,[137],72,,,
688,inspect_inventory,2020-03-05 06:46:05,,[137],,20,130,
689,lend_inventory,2020-03-05 15:05:23,78,"[150, 151]",79,,,
690,inspect_inventory,2020-03-05 17:48:05,,[143],,11,135,
691,return_inventory,2020-03-05 17:48:05,74,[143],75,,,
692,return_inventory,2020-03-06 02:57:23,78,[150],79,,,
693,inspect_inventory,2020-03-06 02:57:23,,[150],,11,141,
694,return_inventory,2020-03-06 02:58:20,78,[151],79,,,
695,inspect_inventory,2020-03-06 02:58:20,,[151],,3,142,
696,inspect_inventory,2020-03-07 07:21:39,,[146],,9,138,
697,return_inventory,2020-03-07 07:21:39,76,[146],77,,,
698,return_inventory,2020-03-07 17:34:36,77,[148],78,,,
699,inspect_inventory,2020-03-07 17:34:36,,[148],,11,139,
700,return_inventory,2020-03-07 17:36:07,77,[149],78,,,
701,inspect_inventory,2020-03-07 17:36:07,,[149],,16,140,
